year_position,player_name,year_points,matches,num_wkts,num_dots,num_fours,num_six,num_catches,num_stumpings,team_name,overseas_or_indian,ipl_year,position
1,ShaneWatson,406.5,15,17,158,47,19,2,0,RR,Overseas,2008,All Rounder
30,ShaneWatson,166.0,6,6,61,18,9,3,0,RR,Overseas,2010,All Rounder
5,ShaneWatson,246.0,11,6,78,31,17,4,0,RR,Overseas,2011,All Rounder
23,ShaneWatson,202.0,7,6,62,26,14,2,0,RR,Overseas,2012,All Rounder
1,ShaneWatson,386.0,16,13,101,59,22,6,0,RR,Overseas,2013,All Rounder
23,ShaneWatson,185.5,13,7,57,19,14,3,0,RR,Overseas,2014,All Rounder
10,ShaneWatson,227.0,10,6,62,37,14,1,0,RR,Overseas,2015,All Rounder
4,ShaneWatson,283.0,16,20,121,14,12,6,0,RCB,Overseas,2016,All Rounder
76,ShaneWatson,88.0,8,5,47,6,1,2,0,RCB,Overseas,2017,All Rounder
2,ShaneWatson,318.0,15,6,57,44,35,3,0,CSK,Overseas,2018,All Rounder
23,ShaneWatson,190.0,17,0,0,42,20,6,0,CSK,Overseas,2019,All Rounder
2,SanathJayasuriya,308.5,14,4,36,58,31,2,0,MI,Overseas,2008,Batsman
31,SanathJayasuriya,140.5,12,7,29,23,7,2,0,MI,Overseas,2009,Batsman
107,SanathJayasuriya,39.5,4,2,19,4,1,0,0,MI,Overseas,2010,Batsman
3,YusufPathan,290.5,16,8,60,43,25,3,0,RR,Indian,2008,All Rounder
8,YusufPathan,214.5,13,7,83,24,12,2,0,RR,Indian,2009,All Rounder
6,YusufPathan,239.0,14,5,60,22,24,9,0,RR,Indian,2010,All Rounder
4,YusufPathan,256.5,15,13,93,24,13,5,0,KKR,Indian,2011,All Rounder
68,YusufPathan,113.5,17,3,46,10,7,3,0,KKR,Indian,2012,All Rounder
50,YusufPathan,151.5,16,1,14,30,14,4,0,KKR,Indian,2013,All Rounder
53,YusufPathan,121.0,15,0,1,15,20,5,0,KKR,Indian,2014,All Rounder
45,YusufPathan,141.0,13,2,12,29,12,3,0,KKR,Indian,2015,All Rounder
37,YusufPathan,153.0,15,1,14,33,13,3,0,KKR,Indian,2016,All Rounder
95,YusufPathan,60.0,15,1,8,9,6,2,0,KKR,Indian,2017,All Rounder
61,YusufPathan,106.5,15,1,2,22,11,3,0,SRH,Indian,2018,All Rounder
142,YusufPathan,9.5,10,0,1,1,1,1,0,SRH,Indian,2019,All Rounder
4,AlbieMorkel,261.0,13,17,100,18,14,3,0,CSK,Overseas,2008,All Rounder
18,AlbieMorkel,183.0,12,13,101,8,4,1,0,CSK,Overseas,2009,All Rounder
13,AlbieMorkel,213.5,14,11,97,10,13,3,0,CSK,Overseas,2010,All Rounder
18,AlbieMorkel,212.5,15,15,102,8,8,4,0,CSK,Overseas,2011,All Rounder
22,AlbieMorkel,202.0,16,13,118,5,6,2,0,CSK,Overseas,2012,All Rounder
78,AlbieMorkel,104.0,8,7,59,2,3,2,0,CSK,Overseas,2013,All Rounder
83,AlbieMorkel,72.0,7,4,40,1,3,2,0,RCB,Overseas,2014,All Rounder
86,AlbieMorkel,64.5,4,3,22,9,2,1,0,DD,Overseas,2015,All Rounder
124,AlbieMorkel,25.5,2,2,9,0,2,1,0,RPS,Overseas,2016,All Rounder
5,IrfanPathan,259.0,14,15,153,9,6,4,0,KXIP,Indian,2008,All Rounder
5,IrfanPathan,254.0,14,17,121,17,6,4,0,KXIP,Indian,2009,All Rounder
4,IrfanPathan,248.0,14,15,98,21,10,4,0,KXIP,Indian,2010,All Rounder
14,IrfanPathan,223.5,14,11,124,12,6,4,0,DD,Indian,2011,All Rounder
6,IrfanPathan,249.0,17,8,145,14,6,8,0,DD,Indian,2012,All Rounder
25,IrfanPathan,212.0,15,10,134,9,3,4,0,DD,Indian,2013,All Rounder
82,IrfanPathan,72.5,10,4,41,5,0,2,0,SRH,Indian,2014,All Rounder
129,IrfanPathan,20.5,4,0,18,0,0,1,0,RPS,Indian,2016,All Rounder
154,IrfanPathan,4.0,1,0,4,0,0,0,0,GL,Indian,2017,All Rounder
6,ShaunMarsh,246.0,11,0,0,59,26,3,0,KXIP,Overseas,2008,Batsman
88,ShaunMarsh,58.5,4,0,0,14,6,1,0,KXIP,Overseas,2010,Batsman
16,ShaunMarsh,215.0,14,0,0,52,20,6,0,KXIP,Overseas,2011,Batsman
43,ShaunMarsh,142.0,13,0,0,39,7,8,0,KXIP,Overseas,2012,Batsman
70,ShaunMarsh,119.0,8,0,0,39,4,3,0,KXIP,Overseas,2013,Batsman
112,ShaunMarsh,33.0,2,0,0,7,3,2,0,KXIP,Overseas,2014,Batsman
113,ShaunMarsh,28.0,4,0,0,7,3,0,0,KXIP,Overseas,2015,Batsman
97,ShaunMarsh,49.0,6,0,0,13,4,1,0,KXIP,Overseas,2016,Batsman
64,ShaunMarsh,112.5,9,0,0,36,5,2,0,KXIP,Overseas,2017,Batsman
7,ManpreetGony,236.0,16,17,156,2,3,2,0,CSK,Indian,2008,Bowler
73,ManpreetGony,65.5,7,5,36,0,2,2,0,CSK,Indian,2009,Bowler
130,ManpreetGony,23.0,3,1,17,0,0,1,0,CSK,Indian,2010,Bowler
128,ManpreetGony,31.0,3,4,17,0,0,0,0,DC,Indian,2011,Bowler
106,ManpreetGony,71.0,6,3,58,0,0,1,0,DC,Indian,2012,Bowler
76,ManpreetGony,107.0,8,7,62,4,3,0,0,KXIP,Indian,2013,Bowler
152,ManpreetGony,4.0,1,0,4,0,0,0,0,GL,Indian,2017,Bowler
9,VirenderSehwag,224.5,14,3,18,46,21,3,0,DC,Indian,2008,Batsman
17,VirenderSehwag,200.0,14,3,18,47,14,2,0,DC,Indian,2010,Batsman
17,VirenderSehwag,213.0,11,0,0,51,18,9,0,DD,Indian,2011,Batsman
11,VirenderSehwag,233.5,16,0,7,57,19,7,0,DD,Indian,2012,Batsman
59,VirenderSehwag,136.0,13,0,0,41,6,5,0,DD,Indian,2013,Batsman
12,VirenderSehwag,215.5,17,0,0,56,18,5,0,KXIP,Indian,2014,Batsman
101,VirenderSehwag,40.5,8,0,0,12,3,0,0,KXIP,Indian,2015,Batsman
10,PiyushChawla,222.0,15,17,112,10,3,6,0,KXIP,Indian,2008,Bowler
23,PiyushChawla,175.5,14,12,111,3,0,6,0,KXIP,Indian,2009,Bowler
33,PiyushChawla,161.0,14,12,94,7,0,3,0,KXIP,Indian,2010,Bowler
39,PiyushChawla,168.5,12,16,93,2,2,3,0,KXIP,Indian,2011,Bowler
14,PiyushChawla,224.0,16,16,124,9,4,3,0,KXIP,Indian,2012,Bowler
36,PiyushChawla,181.0,16,11,117,5,3,1,0,KXIP,Indian,2013,Bowler
37,PiyushChawla,149.0,11,14,79,4,1,3,0,KKR,Indian,2014,Bowler
50,PiyushChawla,128.0,13,11,65,5,2,2,0,KKR,Indian,2015,Bowler
44,PiyushChawla,137.0,12,11,81,4,0,3,0,KKR,Indian,2016,Bowler
96,PiyushChawla,59.5,6,6,36,0,0,1,0,KKR,Indian,2017,Bowler
29,PiyushChawla,175.0,15,14,110,1,1,4,0,KKR,Indian,2018,Bowler
46,PiyushChawla,151.5,13,10,87,4,2,5,0,KKR,Indian,2019,Bowler
12,SouravGanguly,214.5,13,6,46,33,15,5,0,KKR,Indian,2008,Batsman
56,SouravGanguly,85.0,13,2,17,13,6,3,0,KKR,Indian,2009,Batsman
12,SouravGanguly,217.0,14,0,2,58,15,7,0,KKR,Indian,2010,Batsman
151,SouravGanguly,17.0,4,0,0,3,2,1,0,PWI,Indian,2011,Batsman
64,SouravGanguly,121.0,15,2,10,30,4,6,0,PWI,Indian,2012,Batsman
13,ShaneWarne,214.0,15,19,108,7,2,6,0,RR,Overseas,2008,Bowler
14,ShaneWarne,203.0,13,14,110,6,4,6,0,RR,Overseas,2009,Bowler
41,ShaneWarne,137.5,14,11,94,0,0,2,0,RR,Overseas,2010,Bowler
38,ShaneWarne,170.0,13,13,117,1,0,2,0,RR,Overseas,2011,Bowler
14,AdamGilchrist,211.5,14,0,0,51,19,6,1,DEC,Overseas,2008,Wicket Keeper
1,AdamGilchrist,281.5,16,0,0,54,29,10,8,DEC,Overseas,2009,Wicket Keeper
29,AdamGilchrist,166.0,16,0,0,31,16,9,4,DEC,Overseas,2010,Wicket Keeper
24,AdamGilchrist,195.5,14,0,0,41,18,9,3,KXIP,Overseas,2011,Wicket Keeper
100,AdamGilchrist,79.0,7,0,0,21,4,5,0,KXIP,Overseas,2012,Wicket Keeper
48,AdamGilchrist,158.0,13,1,1,41,6,12,0,KXIP,Overseas,2013,Wicket Keeper
15,ShanthakumaranSreesanth,204.5,15,19,133,0,0,2,0,KXIP,Indian,2008,Bowler
53,ShanthakumaranSreesanth,85.5,7,6,62,1,0,0,0,KXIP,Indian,2009,Bowler
83,ShanthakumaranSreesanth,67.0,6,3,44,5,0,0,0,KXIP,Indian,2010,Bowler
64,ShanthakumaranSreesanth,121.0,9,7,94,0,0,1,0,KTK,Indian,2011,Bowler
84,ShanthakumaranSreesanth,84.5,7,5,67,0,0,0,0,RR,Indian,2013,Bowler
17,GautamGambhir,203.0,14,0,0,68,8,2,0,DC,Indian,2008,Batsman
66,GautamGambhir,94.5,11,0,0,32,2,3,0,DC,Indian,2010,Batsman
62,GautamGambhir,123.0,15,0,0,44,3,1,0,KKR,Indian,2011,Batsman
13,GautamGambhir,229.5,17,0,0,64,17,4,0,KKR,Indian,2012,Batsman
51,GautamGambhir,150.0,16,0,0,51,5,2,0,KKR,Indian,2013,Batsman
59,GautamGambhir,111.5,16,0,0,36,4,3,0,KKR,Indian,2014,Batsman
54,GautamGambhir,124.0,13,0,0,41,4,3,0,KKR,Indian,2015,Batsman
31,GautamGambhir,158.5,15,0,0,54,6,1,0,KKR,Indian,2016,Batsman
14,GautamGambhir,192.0,16,0,0,61,7,6,0,KKR,Indian,2017,Batsman
121,GautamGambhir,26.0,6,0,0,8,1,1,0,DD,Indian,2018,Batsman
18,PraveenKumar,198.5,13,11,109,10,6,2,0,RCB,Indian,2008,Bowler
15,PraveenKumar,192.5,13,13,121,1,6,1,0,RCB,Indian,2009,Bowler
38,PraveenKumar,145.0,12,10,110,0,0,0,0,RCB,Indian,2010,Bowler
29,PraveenKumar,185.5,13,10,137,2,1,2,0,KXIP,Indian,2011,Bowler
20,PraveenKumar,210.5,16,9,168,2,1,1,0,KXIP,Indian,2012,Bowler
24,PraveenKumar,217.5,15,12,155,3,3,1,0,KXIP,Indian,2013,Bowler
102,PraveenKumar,43.5,3,3,33,0,0,0,0,MI,Indian,2014,Bowler
63,PraveenKumar,105.5,12,7,71,1,0,3,0,SRH,Indian,2015,Bowler
21,PraveenKumar,178.5,16,9,132,4,0,2,0,GL,Indian,2016,Bowler
94,PraveenKumar,61.0,6,6,40,0,0,0,0,GL,Indian,2017,Bowler
19,RPSingh,195.5,14,15,122,2,1,5,0,DEC,Indian,2008,Bowler
4,RPSingh,261.5,16,23,171,0,0,4,0,DEC,Indian,2009,Bowler
37,RPSingh,147.0,12,13,99,0,0,1,0,DEC,Indian,2010,Bowler
28,RPSingh,188.0,14,13,135,0,0,3,0,KTK,Indian,2011,Bowler
37,RPSingh,145.5,11,10,103,0,0,3,0,MI,Indian,2012,Bowler
56,RPSingh,143.5,11,13,88,0,0,4,0,RCB,Indian,2013,Bowler
108,RPSingh,39.5,4,3,29,0,0,0,0,RPS,Indian,2016,Bowler
20,MunafPatel,195.0,15,14,141,0,0,2,0,RR,Indian,2008,Bowler
17,MunafPatel,184.0,11,16,108,5,0,3,0,RR,Indian,2009,Bowler
103,MunafPatel,44.0,4,3,31,0,0,1,0,RR,Indian,2010,Bowler
10,MunafPatel,229.5,15,22,145,0,0,3,0,MI,Indian,2011,Bowler
26,MunafPatel,188.0,12,15,123,0,0,5,0,MI,Indian,2012,Bowler
113,MunafPatel,42.5,4,3,32,0,0,0,0,MI,Indian,2013,Bowler
134,MunafPatel,13.5,2,1,10,0,0,0,0,GL,Indian,2017,Bowler
21,MFMaharoof,193.5,10,15,84,10,7,3,0,DC,Overseas,2008,Bowler
64,MFMaharoof,96.5,7,8,54,2,2,1,0,DC,Overseas,2010,Bowler
22,RohitSharma,191.0,13,1,6,38,19,8,0,DEC,Indian,2008,Batsman
11,RohitSharma,208.0,16,11,39,22,18,5,0,DEC,Indian,2009,Batsman
16,RohitSharma,201.5,16,2,33,36,14,9,0,DEC,Indian,2010,Batsman
49,RohitSharma,147.0,16,0,4,32,13,7,0,MI,Indian,2011,Batsman
25,RohitSharma,194.0,17,0,1,39,18,13,0,MI,Indian,2012,Batsman
27,RohitSharma,206.0,19,0,3,35,28,7,0,MI,Indian,2013,Batsman
36,RohitSharma,153.5,15,1,4,31,16,5,0,MI,Indian,2014,Batsman
24,RohitSharma,188.5,16,0,0,41,21,5,0,MI,Indian,2015,Batsman
17,RohitSharma,183.5,14,0,0,49,16,2,0,MI,Indian,2016,Batsman
42,RohitSharma,134.0,17,0,0,31,9,10,0,MI,Indian,2017,Batsman
56,RohitSharma,124.5,14,0,0,25,12,8,0,MI,Indian,2018,Batsman
34,RohitSharma,175.0,15,0,0,52,10,4,0,MI,Indian,2019,Batsman
23,SureshRaina,183.0,16,1,4,35,18,10,0,CSK,Indian,2008,Batsman
2,SureshRaina,265.0,14,7,57,37,21,7,0,CSK,Indian,2009,Batsman
3,SureshRaina,276.5,16,6,41,45,22,10,0,CSK,Indian,2010,Batsman
9,SureshRaina,235.5,16,4,62,36,17,4,0,CSK,Indian,2011,Batsman
19,SureshRaina,212.0,19,2,21,36,19,11,0,CSK,Indian,2012,Batsman
23,SureshRaina,218.5,18,1,2,50,18,10,0,CSK,Indian,2013,Batsman
4,SureshRaina,259.0,16,1,34,51,19,11,0,CSK,Indian,2014,Batsman
20,SureshRaina,192.0,17,2,24,31,16,11,0,CSK,Indian,2015,Batsman
27,SureshRaina,165.0,15,0,15,39,10,7,0,GL,Indian,2016,Batsman
18,SureshRaina,184.0,14,1,20,42,13,4,0,GL,Indian,2017,Batsman
28,SureshRaina,179.5,15,0,0,46,12,9,0,CSK,Indian,2018,Batsman
42,SureshRaina,162.5,17,0,1,45,9,7,0,CSK,Indian,2019,Batsman
24,AshishNehra,183.0,14,12,121,0,0,8,0,MI,Indian,2008,Bowler
79,AshishNehra,71.5,4,6,37,2,1,2,0,DC,Indian,2010,Bowler
41,AshishNehra,142.5,13,11,99,1,0,1,0,PWI,Indian,2012,Bowler
67,AshishNehra,125.0,10,11,84,0,0,1,0,DD,Indian,2013,Bowler
90,AshishNehra,58.0,4,8,30,0,0,0,0,CSK,Indian,2014,Bowler
4,AshishNehra,254.5,16,22,170,0,0,3,0,CSK,Indian,2015,Bowler
56,AshishNehra,106.0,8,9,72,0,0,1,0,SRH,Indian,2016,Bowler
82,AshishNehra,77.5,6,8,47,0,0,1,0,SRH,Indian,2017,Bowler
26,DwayneBravo,179.5,9,11,66,19,5,4,0,MI,Overseas,2008,All Rounder
9,DwayneBravo,212.5,11,11,91,15,8,7,0,MI,Overseas,2009,All Rounder
67,DwayneBravo,93.5,10,4,48,3,4,4,0,MI,Overseas,2010,All Rounder
83,DwayneBravo,74.5,6,6,40,1,1,3,0,CSK,Overseas,2011,All Rounder
2,DwayneBravo,305.0,19,15,110,20,20,9,0,CSK,Overseas,2012,All Rounder
3,DwayneBravo,320.0,18,32,135,11,3,14,0,CSK,Overseas,2013,All Rounder
146,DwayneBravo,3.5,1,0,0,0,1,0,0,CSK,Overseas,2014,All Rounder
2,DwayneBravo,284.0,17,26,88,22,5,13,0,CSK,Overseas,2015,All Rounder
13,DwayneBravo,198.5,15,17,93,11,1,6,0,GL,Overseas,2016,All Rounder
19,DwayneBravo,216.5,16,14,90,8,10,9,0,CSK,Overseas,2018,All Rounder
47,DwayneBravo,150.5,12,11,74,6,3,5,0,CSK,Overseas,2019,All Rounder
27,MuttiahMuralitharan,175.5,15,11,127,0,0,4,0,CSK,Overseas,2008,Bowler
12,MuttiahMuralitharan,207.5,13,14,146,1,0,4,0,CSK,Overseas,2009,Bowler
20,MuttiahMuralitharan,181.0,12,15,121,0,0,3,0,CSK,Overseas,2010,Bowler
105,MuttiahMuralitharan,55.5,5,2,46,0,0,1,0,KTK,Overseas,2011,Bowler
48,MuttiahMuralitharan,139.5,10,15,82,0,0,2,0,RCB,Overseas,2012,Bowler
104,MuttiahMuralitharan,55.0,6,3,42,0,0,1,0,RCB,Overseas,2013,Bowler
100,MuttiahMuralitharan,46.5,5,3,36,0,0,0,0,RCB,Overseas,2014,Bowler
28,YuvrajSingh,171.0,15,3,14,24,19,8,0,KXIP,Indian,2008,Batsman
13,YuvrajSingh,205.0,14,6,48,25,16,7,0,KXIP,Indian,2009,Batsman
27,YuvrajSingh,166.5,14,5,45,20,14,2,0,KXIP,Indian,2010,Batsman
11,YuvrajSingh,228.0,14,9,61,24,18,5,0,PWI,Indian,2011,Batsman
52,YuvrajSingh,150.0,13,6,39,14,15,1,0,PWI,Indian,2013,Batsman
13,YuvrajSingh,213.5,14,5,33,22,28,4,0,RCB,Indian,2014,Batsman
57,YuvrajSingh,112.0,14,1,11,23,10,2,0,DD,Indian,2015,Batsman
55,YuvrajSingh,110.0,10,0,7,22,13,1,0,SRH,Indian,2016,Batsman
63,YuvrajSingh,116.0,12,1,2,30,8,3,0,SRH,Indian,2017,Batsman
124,YuvrajSingh,24.5,8,0,0,6,2,1,0,KXIP,Indian,2018,Batsman
110,YuvrajSingh,38.5,4,0,0,7,6,0,0,MI,Indian,2019,Batsman
29,GraemeSmith,168.0,11,0,0,54,8,2,0,RR,Overseas,2008,Batsman
62,GraemeSmith,78.5,12,0,0,27,1,3,0,RR,Overseas,2009,Batsman
132,GraemeSmith,22.5,2,0,0,7,0,2,0,RR,Overseas,2010,Batsman
149,GraemeSmith,17.5,4,0,0,6,0,1,0,PWI,Overseas,2011,Batsman
30,SiddharthTrivedi,164.5,15,13,104,0,0,6,0,RR,Indian,2008,Bowler
71,SiddharthTrivedi,69.0,7,6,43,0,0,2,0,RR,Indian,2009,Bowler
49,SiddharthTrivedi,121.0,11,11,69,3,1,1,0,RR,Indian,2010,Bowler
75,SiddharthTrivedi,101.0,12,10,66,0,0,0,0,RR,Indian,2011,Bowler
38,SiddharthTrivedi,145.5,14,13,90,0,0,4,0,RR,Indian,2012,Bowler
40,SiddharthTrivedi,174.0,17,12,122,0,0,4,0,RR,Indian,2013,Bowler
31,MSDhoni,162.5,16,0,0,38,15,6,0,CSK,Indian,2008,Wicket-Keeper
45,MSDhoni,106.5,14,0,0,22,9,4,4,CSK,Indian,2009,Wicket-Keeper
50,MSDhoni,120.5,13,0,0,26,8,5,6,CSK,Indian,2010,Wicket-Keeper
41,MSDhoni,168.0,16,0,0,25,23,5,5,CSK,Indian,2011,Wicket-Keeper
55,MSDhoni,131.5,19,0,0,26,9,12,2,CSK,Indian,2012,Wicket-Keeper
26,MSDhoni,210.0,18,0,0,32,25,15,2,CSK,Indian,2013,Wicket-Keeper
44,MSDhoni,135.0,16,0,0,22,20,3,1,CSK,Indian,2014,Wicket-Keeper
39,MSDhoni,154.5,17,0,0,27,17,8,3,CSK,Indian,2015,Wicket-Keeper
47,MSDhoni,124.0,14,0,0,18,14,8,4,RPS,Indian,2016,Wicket-Keeper
54,MSDhoni,126.0,16,0,0,15,16,10,3,RPS,Indian,2017,Wicket-Keeper
26,MSDhoni,200.0,16,0,0,24,30,11,3,CSK,Indian,2018,Wicket-Keeper
33,MSDhoni,175.5,15,0,0,22,23,11,5,CSK,Indian,2019,Wicket-Keeper
32,YoMahesh,162.5,11,16,94,0,0,5,0,DC,Indian,2008,Bowler
155,YoMahesh,8.5,1,1,5,0,0,0,0,DC,Indian,2010,Bowler
136,YoMahesh,31.0,5,3,18,0,0,1,0,CSK,Indian,2012,Bowler
33,DaleSteyn,161.0,10,10,116,0,0,4,0,RCB,Overseas,2008,Bowler
96,DaleSteyn,39.0,3,2,27,0,0,2,0,RCB,Overseas,2009,Bowler
9,DaleSteyn,224.0,15,15,164,2,0,1,0,RCB,Overseas,2010,Bowler
27,DaleSteyn,193.0,12,14,134,3,0,1,0,DC,Overseas,2011,Bowler
18,DaleSteyn,214.5,12,18,138,0,1,4,0,DC,Overseas,2012,Bowler
5,DaleSteyn,304.5,17,19,211,5,2,3,0,SRH,Overseas,2013,Bowler
17,DaleSteyn,203.5,14,11,145,1,0,7,0,SRH,Overseas,2014,Bowler
89,DaleSteyn,61.0,6,3,38,3,0,2,0,SRH,Overseas,2015,Bowler
150,DaleSteyn,5.0,1,0,5,0,0,0,0,GL,Overseas,2016,Bowler
115,DaleSteyn,34.0,2,4,20,0,0,0,0,RCB,Overseas,2019,Bowler
34,ZaheerKhan,158.0,11,13,100,4,0,1,0,RCB,Indian,2008,Bowler
64,ZaheerKhan,77.0,6,6,51,0,0,2,0,MI,Indian,2009,Bowler
19,ZaheerKhan,183.0,14,15,107,3,1,5,0,MI,Indian,2010,Bowler
21,ZaheerKhan,205.0,15,14,141,2,0,4,0,RCB,Indian,2011,Bowler
15,ZaheerKhan,220.5,16,17,146,1,0,5,0,RCB,Indian,2012,Bowler
118,ZaheerKhan,38.0,2,5,18,0,0,1,0,RCB,Indian,2013,Bowler
78,ZaheerKhan,77.0,6,5,56,0,1,0,0,MI,Indian,2014,Bowler
69,ZaheerKhan,97.5,7,7,73,0,0,0,0,DD,Indian,2015,Bowler
40,ZaheerKhan,148.5,12,10,111,1,0,0,0,DD,Indian,2016,Bowler
62,ZaheerKhan,117.0,11,10,72,0,0,4,0,DC,Indian,2017,Bowler
35,DavidHussey,150.5,13,2,24,19,17,5,0,KKR,Overseas,2008,Batsman
85,DavidHussey,48.0,4,0,7,7,6,1,0,KKR,Overseas,2009,Batsman
95,DavidHussey,53.0,6,0,13,5,5,4,0,KKR,Overseas,2010,Batsman
122,DavidHussey,40.5,8,1,4,3,3,6,0,KXIP,Overseas,2011,Batsman
32,DavidHussey,164.0,16,3,14,28,17,4,0,KXIP,Overseas,2012,Batsman
80,DavidHussey,100.0,12,0,19,20,6,4,0,KXIP,Overseas,2013,Batsman
93,DavidHussey,55.5,5,2,5,8,6,1,0,CSK,Overseas,2014,Batsman
36,IshantSharma,149.5,13,8,114,1,0,2,0,KKR,Indian,2008,Bowler
20,IshantSharma,179.5,11,11,130,1,1,2,0,DC,Indian,2009,Bowler
21,IshantSharma,179.5,11,11,130,1,1,2,0,KKR,Indian,2009,Bowler
71,IshantSharma,81.0,7,7,54,0,0,1,0,KKR,Indian,2010,Bowler
43,IshantSharma,167.0,12,11,121,0,0,3,0,DC,Indian,2011,Bowler
18,IshantSharma,227.5,16,15,160,0,0,6,0,SRH,Indian,2013,Bowler
110,IshantSharma,36.5,3,3,26,0,0,0,0,SRH,Indian,2014,Bowler
107,IshantSharma,33.5,4,1,30,0,0,0,0,SRH,Indian,2015,Bowler
93,IshantSharma,52.5,4,3,37,0,0,2,0,RPS,Indian,2016,Bowler
114,IshantSharma,34.5,6,0,32,1,0,0,0,KXIP,Indian,2017,Bowler
32,IshantSharma,176.0,13,13,122,1,1,1,0,DC,Indian,2019,Bowler
37,JacquesKallis,148.0,11,4,55,23,4,3,0,RCB,Overseas,2008,All Rounder
3,JacquesKallis,265.0,15,6,111,37,8,5,0,RCB,Overseas,2009,All Rounder
1,JacquesKallis,380.0,16,13,118,67,9,7,0,RCB,Overseas,2010,All Rounder
8,JacquesKallis,237.0,15,7,54,46,6,9,0,KKR,Overseas,2011,All Rounder
3,JacquesKallis,289.5,17,15,112,34,10,2,0,KKR,Overseas,2012,All Rounder
12,JacquesKallis,273.5,16,16,112,35,3,3,0,KKR,Overseas,2013,All Rounder
64,JacquesKallis,104.5,8,4,39,13,4,2,0,KKR,Overseas,2014,All Rounder
38,SAAsnodkar,143.5,9,0,0,43,6,6,0,RR,Overseas,2008,Batsman
89,SAAsnodkar,44.0,8,0,0,11,4,1,0,RR,Overseas,2009,Batsman
167,SAAsnodkar,2.5,2,0,0,1,0,0,0,RR,Overseas,2010,Batsman
191,SAAsnodkar,2.5,1,0,0,1,0,0,0,RR,Overseas,2011,Batsman
39,AshokDinda,142.5,13,8,112,0,0,1,0,KKR,Indian,2008,Bowler
58,AshokDinda,83.5,9,4,67,0,0,1,0,KKR,Indian,2009,Bowler
65,AshokDinda,95.5,7,9,64,0,0,0,0,KKR,Indian,2010,Bowler
102,AshokDinda,58.5,6,5,41,0,0,0,0,DD,Indian,2011,Bowler
89,AshokDinda,95.0,7,9,61,0,0,1,0,PWI,Indian,2012,Bowler
41,AshokDinda,171.0,13,16,105,1,0,3,0,PWI,Indian,2013,Bowler
75,AshokDinda,81.5,9,5,64,0,0,0,0,RCB,Indian,2014,Bowler
138,AshokDinda,6.5,2,0,4,0,0,1,0,RCB,Indian,2015,Bowler
48,AshokDinda,122.5,9,11,84,0,0,0,0,RPS,Indian,2016,Bowler
121,AshokDinda,27.0,3,1,21,1,0,0,0,RPS,Indian,2017,Bowler
40,KumarSangakkara,140.5,10,0,0,41,8,4,0,KXIP,Overseas,2008,Wicket keeper
43,KumarSangakkara,110.0,14,0,0,29,5,6,2,KXIP,Overseas,2009,Wicket keeper
32,KumarSangakkara,162.5,13,0,0,47,5,6,5,KXIP,Overseas,2010,Wicket keeper
36,KumarSangakkara,175.0,13,0,0,44,5,17,2,DC,Overseas,2011,Wicket keeper
92,KumarSangakkara,89.0,12,0,0,21,4,9,0,DC,Overseas,2012,Wicket keeper
116,KumarSangakkara,40.0,9,0,0,13,0,3,0,SRH,Overseas,2013,Wicket keeper
41,RobinUthappa,139.0,14,0,0,34,9,9,0,MI,Indian,2008,Wicket keeper
66,RobinUthappa,75.5,15,0,0,18,3,7,1,RCB,Indian,2009,Wicket keeper
25,RobinUthappa,172.0,16,0,0,21,27,7,3,RCB,Indian,2010,Wicket keeper
50,RobinUthappa,140.0,14,0,0,27,10,12,3,PWI,Indian,2011,Wicket keeper
34,RobinUthappa,152.5,16,0,0,38,10,6,3,PWI,Indian,2012,Wicket keeper
46,RobinUthappa,164.5,16,0,0,42,12,7,0,PWI,Indian,2013,Wicket keeper
3,RobinUthappa,268.0,16,0,0,74,18,1,7,KKR,Indian,2014,Wicket keeper
37,RobinUthappa,159.5,13,0,0,42,7,7,5,KKR,Indian,2015,Wicket keeper
22,RobinUthappa,175.5,15,0,0,45,8,10,4,KKR,Indian,2016,Wicket keeper
8,RobinUthappa,201.0,14,0,0,36,21,9,6,KKR,Indian,2017,Wicket keeper
40,RobinUthappa,161.0,16,0,0,30,21,5,0,KKR,Indian,2018,Wicket keeper
60,RobinUthappa,115.0,12,0,0,28,10,4,0,KKR,Indian,2019,Wicket keeper
45,ShikharDhawan,135.5,14,0,0,35,8,8,0,DC,Indian,2008,Batsman
122,ShikharDhawan,12.5,5,0,0,3,0,2,0,DC,Indian,2009,Batsman
123,ShikharDhawan,12.5,5,0,0,3,0,2,0,MI,Indian,2009,Batsman
72,ShikharDhawan,80.5,10,0,0,23,3,5,0,MI,Indian,2010,Batsman
44,ShikharDhawan,165.5,14,1,5,47,7,6,0,DC,Indian,2011,Batsman
9,ShikharDhawan,243.0,15,3,12,58,18,5,0,DC,Indian,2012,Batsman
71,ShikharDhawan,117.5,10,0,0,37,5,3,0,SRH,Indian,2013,Batsman
33,ShikharDhawan,159.5,14,0,0,49,7,5,0,SRH,Indian,2014,Batsman
42,ShikharDhawan,148.5,14,0,0,45,6,6,0,SRH,Indian,2015,Batsman
24,ShikharDhawan,168.0,17,0,0,51,8,5,0,SRH,Indian,2016,Batsman
21,ShikharDhawan,181.5,14,0,0,53,9,7,0,SRH,Indian,2017,Batsman
14,ShikharDhawan,226.5,16,0,0,59,14,12,0,SRH,Indian,2018,Batsman
16,ShikharDhawan,211.0,16,0,0,64,11,5,0,DC,Indian,2019,Batsman
47,RahulDravid,131.0,14,0,0,35,11,2,0,RCB,Indian,2008,Batsman
54,RahulDravid,85.5,13,0,0,28,3,2,0,RCB,Indian,2009,Batsman
60,RahulDravid,105.5,16,0,0,34,3,4,0,RCB,Indian,2010,Batsman
60,RahulDravid,124.5,12,0,0,45,2,2,0,RR,Indian,2011,Batsman
27,RahulDravid,184.0,16,0,0,63,4,5,0,RR,Indian,2012,Batsman
35,RahulDravid,185.0,18,0,0,64,5,3,0,RR,Indian,2013,Batsman
48,ParthivPatel,130.5,13,0,0,42,3,6,0,CSK,Indian,2008,Wicket keeper
76,ParthivPatel,62.0,9,0,0,19,2,3,0,CSK,Indian,2009,Wicket keeper
125,ParthivPatel,27.0,4,0,0,6,2,0,2,CSK,Indian,2010,Wicket keeper
77,ParthivPatel,92.0,14,0,0,25,2,8,1,KTK,Indian,2011,Wicket keeper
101,ParthivPatel,76.5,14,0,0,19,4,5,1,DC,Indian,2012,Wicket keeper
66,ParthivPatel,126.5,13,0,0,37,4,5,3,SRH,Indian,2013,Wicket keeper
61,ParthivPatel,108.5,12,0,0,30,1,11,1,RCB,Indian,2014,Wicket keeper
36,ParthivPatel,160.0,14,0,0,47,5,7,3,MI,Indian,2015,Wicket keeper
61,ParthivPatel,96.5,10,0,0,23,4,9,1,MI,Indian,2016,Wicket keeper
25,ParthivPatel,170.5,16,0,0,49,8,6,2,MI,Indian,2017,Wicket keeper
81,ParthivPatel,71.5,6,0,0,20,4,3,0,RCB,Indian,2018,Wicket keeper
35,ParthivPatel,175.0,14,0,0,48,10,6,2,RCB,Indian,2019,Wicket keeper
49,AnilKumble,122.0,10,7,85,1,0,4,0,RCB,Indian,2008,Bowler
7,AnilKumble,224.0,16,21,138,2,0,3,0,RCB,Indian,2009,Bowler
10,AnilKumble,218.0,16,17,151,0,0,3,0,RCB,Indian,2010,Bowler
50,DhawalKulkarni,120.5,10,11,77,0,0,2,0,MI,Indian,2008,Bowler
57,DhawalKulkarni,85.0,8,5,65,0,0,1,0,MI,Indian,2009,Bowler
151,DhawalKulkarni,13.5,1,1,10,0,0,0,0,MI,Indian,2010,Bowler
94,DhawalKulkarni,62.0,6,5,42,0,0,1,0,MI,Indian,2011,Bowler
121,DhawalKulkarni,54.0,2,6,23,2,0,2,0,MI,Indian,2012,Bowler
86,DhawalKulkarni,81.0,6,8,53,0,0,0,0,MI,Indian,2013,Bowler
63,DhawalKulkarni,105.5,8,6,70,1,2,2,0,RR,Indian,2014,Bowler
40,DhawalKulkarni,153.0,11,13,95,0,0,5,0,RR,Indian,2015,Bowler
11,DhawalKulkarni,203.0,14,18,130,2,0,2,0,GL,Indian,2016,Bowler
104,DhawalKulkarni,48.0,6,3,35,0,0,1,0,GL,Indian,2017,Bowler
82,DhawalKulkarni,70.5,8,4,54,0,0,1,0,RR,Indian,2018,Bowler
63,DhawalKulkarni,113.0,10,6,77,1,0,5,0,RR,Indian,2019,Bowler
51,PragyanOjha,117.0,13,11,71,0,0,3,0,DEC,Indian,2008,Bowler
22,PragyanOjha,176.0,15,18,108,0,0,2,0,DEC,Indian,2009,Bowler
11,PragyanOjha,217.5,16,21,134,0,0,4,0,DEC,Indian,2010,Bowler
59,PragyanOjha,126.0,10,10,86,0,0,2,0,DC,Indian,2011,Bowler
83,PragyanOjha,100.0,9,9,66,0,0,1,0,MI,Indian,2012,Bowler
42,PragyanOjha,169.0,16,16,108,0,0,2,0,MI,Indian,2013,Bowler
145,PragyanOjha,1.0,1,0,1,0,0,0,0,MI,Indian,2015,Bowler
52,AjitAgarkar,116.0,9,8,66,5,2,1,0,KKR,Indian,2008,Bowler
46,AjitAgarkar,104.0,11,6,65,3,3,0,0,KKR,Indian,2009,Bowler
85,AjitAgarkar,66.5,7,4,40,4,0,1,0,KKR,Indian,2010,Bowler
82,AjitAgarkar,76.5,7,8,46,1,0,0,0,DD,Indian,2011,Bowler
132,AjitAgarkar,35.5,4,3,20,0,0,2,0,DD,Indian,2012,Bowler
146,AjitAgarkar,19.5,4,0,17,0,0,1,0,DD,Indian,2013,Bowler
54,LaxmiRatanShukla,104.0,13,6,18,17,5,2,0,KKR,Indian,2008,All Rounder
68,LaxmiRatanShukla,74.0,9,3,38,5,3,1,0,KKR,Indian,2009,All Rounder
98,LaxmiRatanShukla,49.0,4,3,19,3,2,2,0,KKR,Indian,2010,All Rounder
179,LaxmiRatanShukla,5.0,1,0,0,2,0,0,0,KKR,Indian,2011,All Rounder
122,LaxmiRatanShukla,51.0,11,1,5,4,5,6,0,KKR,Indian,2012,All Rounder
153,LaxmiRatanShukla,15.5,4,1,7,0,0,2,0,KKR,Indian,2013,All Rounder
109,LaxmiRatanShukla,36.5,5,1,22,2,1,1,0,DD,Indian,2014,All Rounder
55,ScottStyris,103.5,8,3,61,9,2,1,0,DEC,Overseas,2008,All Rounder
91,ScottStyris,42.0,2,5,21,0,1,0,0,DEC,Overseas,2009,All Rounder
174,ScottStyris,6.0,2,0,1,1,0,1,0,CSK,Overseas,2011,All Rounder
56,LakshmipathyBalaji,101.0,9,11,60,0,0,1,0,CSK,Indian,2008,Bowler
35,LakshmipathyBalaji,123.0,13,13,70,0,0,3,0,CSK,Indian,2009,Bowler
70,LakshmipathyBalaji,85.5,7,7,50,1,1,2,0,CSK,Indian,2010,Bowler
58,LakshmipathyBalaji,129.0,14,10,89,0,0,2,0,KKR,Indian,2011,Bowler
58,LakshmipathyBalaji,125.0,8,11,84,0,0,1,0,KKR,Indian,2012,Bowler
44,LakshmipathyBalaji,167.5,13,12,113,1,0,4,0,KKR,Indian,2013,Bowler
57,LakshmipathyBalaji,114.0,9,12,72,0,0,0,0,KXIP,Indian,2014,Bowler
57,AbhishekNayar,99.0,14,1,14,16,9,4,0,MI,Indian,2008,Batsman
42,AbhishekNayar,110.5,13,4,27,14,7,4,0,MI,Indian,2009,Batsman
137,AbhishekNayar,19.5,3,0,0,4,2,1,0,MI,Indian,2010,Batsman
110,AbhishekNayar,49.5,10,2,15,9,0,2,0,KXIP,Indian,2011,Batsman
162,AbhishekNayar,8.5,4,0,0,2,1,0,0,KXIP,Indian,2012,Batsman
124,AbhishekNayar,35.0,11,2,13,5,0,1,0,PWI,Indian,2013,Batsman
129,AbhishekNayar,18.5,5,0,0,5,1,1,0,RR,Indian,2014,Batsman
58,VinayKumar,95.0,8,5,59,2,1,4,0,RCB,Indian,2008,Bowler
39,VinayKumar,117.5,11,9,65,4,1,3,0,RCB,Indian,2009,Bowler
26,VinayKumar,169.5,14,16,101,1,0,4,0,RCB,Indian,2010,Bowler
40,VinayKumar,168.5,13,12,103,4,1,4,0,KTK,Indian,2011,Bowler
17,VinayKumar,219.0,15,19,123,3,2,6,0,RCB,Indian,2012,Bowler
15,VinayKumar,250.0,16,23,124,6,3,8,0,RCB,Indian,2013,Bowler
74,VinayKumar,83.0,9,7,56,0,0,1,0,KKR,Indian,2014,Bowler
48,VinayKumar,132.5,13,7,93,0,0,6,0,MI,Indian,2015,Bowler
109,VinayKumar,39.0,3,3,25,0,1,0,0,MI,Indian,2016,Bowler
137,VinayKumar,13.0,1,2,6,0,0,0,0,MI,Indian,2017,Bowler
127,VinayKumar,22.5,2,2,8,1,0,2,0,KKR,Indian,2018,Bowler
60,SubramaniamBadrinath,93.0,16,0,0,21,8,5,0,CSK,Indian,2008,Batsman
65,SubramaniamBadrinath,76.5,14,0,0,20,4,5,0,CSK,Indian,2009,Batsman
45,SubramaniamBadrinath,122.5,16,0,0,41,5,1,0,CSK,Indian,2010,Batsman
57,SubramaniamBadrinath,129.0,16,0,0,38,9,1,0,CSK,Indian,2011,Batsman
105,SubramaniamBadrinath,72.0,15,0,0,23,2,3,0,CSK,Indian,2012,Batsman
134,SubramaniamBadrinath,30.0,18,0,0,11,0,1,0,CSK,Indian,2013,Batsman
61,AmitMishra,92.0,6,11,41,3,0,2,0,DC,Indian,2008,Bowler
26,AmitMishra,166.0,11,14,100,2,2,2,0,DC,Indian,2009,Bowler
15,AmitMishra,203.0,14,17,131,1,0,4,0,DC,Indian,2010,Bowler
12,AmitMishra,227.5,14,19,130,9,1,2,0,DC,Indian,2011,Bowler
46,AmitMishra,139.5,14,13,89,1,0,1,0,DC,Indian,2012,Bowler
14,AmitMishra,252.0,17,21,151,9,0,2,0,SRH,Indian,2013,Bowler
71,AmitMishra,90.5,10,7,66,0,0,0,0,SRH,Indian,2014,Bowler
58,AmitMishra,111.5,12,9,75,0,0,2,0,DD,Indian,2015,Bowler
42,AmitMishra,146.0,14,13,93,0,0,3,0,DD,Indian,2016,Bowler
46,AmitMishra,132.5,14,10,78,2,2,3,0,DC,Indian,2017,Bowler
58,AmitMishra,116.0,10,12,74,0,0,0,0,DD,Indian,2018,Bowler
55,AmitMishra,129.0,11,11,83,2,0,1,0,DC,Indian,2019,Bowler
63,MarkBoucher,91.0,10,0,0,24,6,3,1,RCB,Overseas,2008,Wicket keeper
77,MarkBoucher,58.5,12,0,0,8,6,7,0,RCB,Overseas,2009,Wicket keeper
147,MarkBoucher,16.0,5,0,0,0,1,3,2,RCB,Overseas,2010,Wicket keeper
190,MarkBoucher,2.5,4,0,0,0,0,1,0,KKR,Overseas,2011,Wicket keeper
64,BrendonMcCullum,87.5,4,0,0,13,15,1,0,KKR,Overseas,2008,Wicket Keeper
33,BrendonMcCullum,124.5,13,0,0,27,12,6,0,KKR,Overseas,2009,Wicket Keeper
101,BrendonMcCullum,47.0,5,0,0,14,2,2,0,KKR,Overseas,2010,Wicket Keeper
48,BrendonMcCullum,148.5,13,0,0,35,16,2,0,KTK,Overseas,2011,Wicket Keeper
44,BrendonMcCullum,140.5,12,0,0,37,3,9,6,KKR,Overseas,2012,Wicket Keeper
189,BrendonMcCullum,2.5,1,0,0,1,0,0,0,KKR,Overseas,2013,Wicket Keeper
31,BrendonMcCullum,161.5,14,0,0,32,19,6,0,CSK,Overseas,2014,Wicket Keeper
14,BrendonMcCullum,213.0,14,0,0,51,23,2,0,CSK,Overseas,2015,Wicket Keeper
38,BrendonMcCullum,151.0,16,0,0,38,16,0,0,GL,Overseas,2016,Wicket Keeper
31,BrendonMcCullum,155.5,11,0,0,29,18,8,0,GL,Overseas,2017,Wicket Keeper
91,BrendonMcCullum,63.5,6,0,0,16,6,1,0,RCB,Overseas,2018,Wicket Keeper
65,JoginderSharma,87.0,8,8,43,1,1,4,0,CSK,Indian,2008,Bowler
115,JoginderSharma,19.5,4,2,9,0,1,0,0,CSK,Indian,2009,Bowler
129,JoginderSharma,23.5,3,2,14,0,0,1,0,CSK,Indian,2010,Bowler
176,JoginderSharma,5.0,1,0,5,0,0,0,0,CSK,Indian,2011,Bowler
68,SachinTendulkar,87.0,7,0,0,26,2,6,0,MI,Indian,2008,Batsman
27,SachinTendulkar,151.5,13,0,4,39,10,6,0,MI,Indian,2009,Batsman
7,SachinTendulkar,233.0,15,0,0,86,3,3,0,MI,Indian,2010,Batsman
25,SachinTendulkar,195.0,16,0,0,67,5,4,0,MI,Indian,2011,Batsman
71,SachinTendulkar,111.5,13,0,0,39,4,0,0,MI,Indian,2012,Batsman
69,SachinTendulkar,122.5,14,0,0,38,5,4,0,MI,Indian,2013,Batsman
69,AndrewSymonds,85.5,4,0,9,15,9,3,0,DEC,Overseas,2008,All Rounder
25,AndrewSymonds,169.0,8,7,66,15,11,1,0,DEC,Overseas,2009,All Rounder
2,AndrewSymonds,329.5,16,12,107,35,18,12,0,DEC,Overseas,2010,All Rounder
101,AndrewSymonds,59.0,11,1,10,9,3,5,0,MI,Overseas,2011,All Rounder
70,RajatBhatia,83.5,9,6,48,2,2,1,0,DC,Indian,2008,All Rounder
102,RajatBhatia,45.5,5,3,23,1,2,1,0,DC,Indian,2010,All Rounder
74,RajatBhatia,101.5,14,8,56,3,0,4,0,KKR,Indian,2011,All Rounder
33,RajatBhatia,153.5,17,13,83,4,0,6,0,KKR,Indian,2012,All Rounder
63,RajatBhatia,128.0,15,11,59,8,3,0,0,KKR,Indian,2013,All Rounder
47,RajatBhatia,131.0,12,12,56,4,3,5,0,RR,Indian,2014,All Rounder
135,RajatBhatia,7.0,2,0,7,0,0,0,0,RR,Indian,2015,All Rounder
63,RajatBhatia,89.5,10,6,54,1,2,2,0,RPS,Indian,2016,All Rounder
124,RajatBhatia,24.5,3,2,9,0,1,2,0,RPS,Indian,2017,All Rounder
72,HerschelleGibbs,83.0,9,0,0,17,8,5,0,DEC,Overseas,2008,Batsman
28,HerschelleGibbs,149.5,14,0,0,32,12,11,0,DEC,Overseas,2009,Batsman
55,HerschelleGibbs,111.5,10,0,0,26,9,6,0,DEC,Overseas,2010,Batsman
143,HerschelleGibbs,27.0,3,0,0,8,2,0,0,MI,Overseas,2012,Batsman
74,MatthewHayden,81.0,4,0,0,24,6,0,0,CSK,Overseas,2008,Batsman
6,MatthewHayden,239.5,12,0,0,60,22,5,0,CSK,Overseas,2009,Batsman
31,MatthewHayden,163.5,16,0,0,37,16,6,0,CSK,Overseas,2010,Batsman
75,WriddhimanSaha,79.5,12,0,0,12,7,8,2,KKR,Indian,2008,Wicket keeper
103,WriddhimanSaha,26.5,8,0,0,3,4,2,0,KKR,Indian,2009,Wicket keeper
106,WriddhimanSaha,41.0,13,0,0,9,1,3,3,KKR,Indian,2010,Wicket keeper
140,WriddhimanSaha,24.0,7,0,0,2,4,2,0,CSK,Indian,2011,Wicket keeper
183,WriddhimanSaha,0.0,4,0,0,0,0,0,0,CSK,Indian,2012,Wicket keeper
136,WriddhimanSaha,29.0,3,0,0,6,4,0,0,CSK,Indian,2013,Wicket keeper
25,WriddhimanSaha,175.5,17,0,0,33,18,8,4,KXIP,Indian,2014,Wicket keeper
60,WriddhimanSaha,110.0,14,0,0,16,10,11,3,KXIP,Indian,2015,Wicket keeper
57,WriddhimanSaha,101.0,12,0,0,29,1,7,3,KXIP,Indian,2016,Wicket keeper
66,WriddhimanSaha,108.0,14,0,0,20,8,10,2,KXIP,Indian,2017,Wicket keeper
96,WriddhimanSaha,61.0,11,0,0,17,1,5,1,SRH,Indian,2018,Wicket keeper
95,WriddhimanSaha,48.5,5,0,0,13,1,4,1,SRH,Indian,2019,Wicket keeper
76,ViratKohli,78.0,13,2,7,18,4,2,0,RCB,Indian,2008,Batsman
41,ViratKohli,115.5,16,0,10,22,8,9,0,RCB,Indian,2009,Batsman
47,ViratKohli,121.5,16,0,7,26,12,3,0,RCB,Indian,2010,Batsman
6,ViratKohli,241.0,16,2,23,55,16,7,0,RCB,Indian,2011,Batsman
50,ViratKohli,137.0,16,0,2,33,10,7,0,RCB,Indian,2012,Batsman
13,ViratKohli,254.5,16,0,0,64,22,7,0,RCB,Indian,2013,Batsman
48,ViratKohli,131.0,14,0,0,23,16,7,0,RCB,Indian,2014,Batsman
26,ViratKohli,187.5,16,0,2,35,23,7,0,RCB,Indian,2015,Batsman
1,ViratKohli,356.5,16,0,1,83,38,6,0,RCB,Indian,2016,Batsman
65,ViratKohli,111.0,10,0,0,23,11,6,0,RCB,Indian,2017,Batsman
20,ViratKohli,213.0,14,0,0,52,18,8,0,RCB,Indian,2018,Batsman
37,ViratKohli,173.0,14,0,0,46,13,5,0,RCB,Indian,2019,Batsman
78,MohammadKaif,76.0,16,0,0,14,6,8,0,RR,Indian,2008,Batsman
153,MohammadKaif,10.0,4,0,0,2,0,2,0,KXIP,Indian,2010,Batsman
136,MohammadKaif,27.5,8,0,0,5,0,6,0,RCB,Indian,2011,Batsman
178,MohammadKaif,2.5,1,0,0,1,0,0,0,RCB,Indian,2012,Batsman
80,BrettLee,74.0,4,4,44,2,1,3,0,KXIP,Overseas,2008,Bowler
47,BrettLee,97.5,5,5,69,2,1,1,0,KXIP,Overseas,2009,Bowler
124,BrettLee,27.5,4,0,20,1,0,2,0,KXIP,Overseas,2010,Bowler
56,BrettLee,130.5,12,5,108,0,0,2,0,KKR,Overseas,2011,Bowler
39,BrettLee,145.0,10,7,99,2,4,1,0,KKR,Overseas,2012,Bowler
100,BrettLee,60.0,3,4,34,1,2,1,0,KKR,Overseas,2013,Bowler
81,MichaelHussey,73.5,4,0,0,12,11,2,0,CSK,Overseas,2008,Batsman
162,MichaelHussey,5.0,3,0,0,2,0,0,0,CSK,Overseas,2010,Batsman
37,MichaelHussey,171.0,14,0,0,53,6,7,0,CSK,Overseas,2011,Batsman
76,MichaelHussey,108.0,8,0,0,28,8,4,0,CSK,Overseas,2012,Batsman
9,MichaelHussey,287.0,17,0,0,81,17,10,0,CSK,Overseas,2013,Batsman
80,MichaelHussey,74.5,9,0,0,17,7,3,0,MI,Overseas,2014,Batsman
117,MichaelHussey,25.5,4,0,0,5,3,1,0,CSK,Overseas,2015,Batsman
82,RavindraJadeja,72.0,14,0,6,11,6,7,0,RR,Indian,2008,All Rounder
29,RavindraJadeja,148.5,13,6,44,21,6,4,0,RR,Indian,2009,All Rounder
15,RavindraJadeja,219.5,14,8,90,20,14,1,0,KTK,Indian,2011,All Rounder
31,RavindraJadeja,176.0,19,12,65,13,9,2,0,CSK,Indian,2012,All Rounder
21,RavindraJadeja,219.0,18,13,95,17,6,6,0,CSK,Indian,2013,All Rounder
11,RavindraJadeja,218.5,16,19,102,9,5,4,0,CSK,Indian,2014,All Rounder
29,RavindraJadeja,183.0,17,11,84,7,3,13,0,CSK,Indian,2015,All Rounder
33,RavindraJadeja,158.0,15,8,71,14,4,4,0,GL,Indian,2016,All Rounder
53,RavindraJadeja,126.0,12,5,57,13,4,2,0,GL,Indian,2017,All Rounder
36,RavindraJadeja,169.5,16,11,82,3,4,11,0,CSK,Indian,2018,All Rounder
9,RavindraJadeja,234.5,16,15,128,7,4,9,0,CSK,Indian,2019,All Rounder
84,TillakaratneDilshan,69.5,7,1,3,14,3,7,0,DC,Overseas,2008,Batsman
92,TillakaratneDilshan,53.5,6,3,18,6,0,4,0,DC,Overseas,2010,Batsman
67,TillakaratneDilshan,115.0,10,1,16,33,3,1,0,RCB,Overseas,2011,Batsman
65,TillakaratneDilshan,119.0,10,0,9,33,5,4,0,RCB,Overseas,2012,Batsman
125,TillakaratneDilshan,35.0,5,0,0,12,0,2,0,RCB,Overseas,2013,Batsman
85,MahelaJayawardene,69.5,13,0,0,15,7,3,0,KXIP,Overseas,2008,Batsman
51,MahelaJayawardene,87.0,10,0,0,17,7,8,0,KXIP,Overseas,2009,Batsman
18,MahelaJayawardene,188.5,13,0,0,55,11,5,0,KXIP,Overseas,2010,Batsman
65,MahelaJayawardene,120.0,13,0,0,35,5,6,0,KTK,Overseas,2011,Batsman
61,MahelaJayawardene,123.0,16,0,0,39,3,6,0,DD,Overseas,2012,Batsman
62,MahelaJayawardene,128.5,15,0,0,39,6,4,0,DD,Overseas,2013,Batsman
86,RossTaylor,67.5,4,0,0,13,10,0,0,RCB,Overseas,2008,Batsman
44,RossTaylor,110.0,11,0,0,20,15,3,0,RCB,Overseas,2009,Batsman
112,RossTaylor,36.0,7,0,0,2,6,4,0,RCB,Overseas,2010,Batsman
95,RossTaylor,62.0,12,0,0,11,7,4,0,RR,Overseas,2011,Batsman
111,RossTaylor,62.0,12,0,0,12,7,3,0,DD,Overseas,2012,Batsman
161,RossTaylor,13.5,5,0,0,2,1,2,0,PWI,Overseas,2013,Batsman
125,RossTaylor,20.0,4,0,0,6,0,2,0,DD,Overseas,2014,Batsman
87,PradeepSangwan,67.0,7,5,47,0,0,1,0,DC,Indian,2008,Bowler
61,PradeepSangwan,104.0,8,9,70,0,0,1,0,DC,Indian,2010,Bowler
163,PradeepSangwan,8.5,1,1,5,0,0,0,0,KKR,Indian,2012,Bowler
171,PradeepSangwan,9.5,2,0,7,1,0,0,0,KKR,Indian,2013,Bowler
142,PradeepSangwan,11.5,2,0,9,0,0,1,0,GL,Indian,2016,Bowler
92,PradeepSangwan,61.5,5,5,44,0,0,0,0,GL,Indian,2017,Bowler
142,PradeepSangwan,5.0,1,0,5,0,0,0,0,MI,Indian,2018,Bowler
88,DineshKarthik,66.5,13,0,0,13,4,6,2,DC,Indian,2008,Wicket Keeper
54,DineshKarthik,116.0,14,0,0,26,6,6,6,DC,Indian,2010,Wicket Keeper
63,DineshKarthik,122.0,14,0,0,32,7,7,0,KXIP,Indian,2011,Wicket Keeper
84,DineshKarthik,99.5,17,0,0,30,2,5,2,MI,Indian,2012,Wicket Keeper
22,DineshKarthik,219.0,19,0,0,54,14,12,2,MI,Indian,2013,Wicket Keeper
45,DineshKarthik,131.0,14,0,0,28,11,7,2,DD,Indian,2014,Wicket Keeper
70,DineshKarthik,96.5,16,0,0,15,4,14,4,RCB,Indian,2015,Wicket Keeper
43,DineshKarthik,140.5,16,0,0,38,3,11,3,GL,Indian,2016,Wicket Keeper
43,DineshKarthik,133.5,14,0,0,30,11,8,0,GL,Indian,2017,Wicket Keeper
15,DineshKarthik,223.5,16,0,0,49,16,14,4,KKR,Indian,2018,Wicket Keeper
59,DineshKarthik,121.5,14,0,0,22,14,7,0,KKR,Indian,2019,Wicket Keeper
89,LukePomersbach,66.5,5,0,0,13,9,1,0,KXIP,Overseas,2008,Batsman
120,LukePomersbach,13.5,4,0,0,3,1,1,0,KXIP,Overseas,2009,Batsman
132,LukePomersbach,29.5,5,0,0,4,2,5,0,RCB,Overseas,2011,Batsman
149,LukePomersbach,16.0,3,0,0,5,1,0,0,KXIP,Overseas,2013,Batsman
90,ChamindaVaas,62.0,5,5,41,0,1,0,0,DEC,Overseas,2008,Bowler
88,ChamindaVaas,44.0,2,4,24,1,1,0,0,DEC,Overseas,2009,Bowler
63,ChamindaVaas,100.5,6,9,63,1,1,0,0,DEC,Overseas,2010,Bowler
91,VVSLaxman,61.0,6,0,0,22,1,1,0,DEC,Indian,2008,Batsman
127,VVSLaxman,8.5,5,0,0,1,1,1,0,DEC,Indian,2009,Batsman
126,VVSLaxman,26.0,6,0,0,7,1,2,0,DEC,Indian,2010,Batsman
157,VVSLaxman,14.5,3,0,0,3,2,0,0,KTK,Indian,2011,Batsman
92,RameshPowar,59.0,5,3,30,4,1,2,0,KXIP,Indian,2008,Bowler
61,RameshPowar,79.0,9,5,49,2,0,3,0,KXIP,Indian,2009,Bowler
78,RameshPowar,72.5,7,3,62,0,0,0,0,KXIP,Indian,2010,Bowler
133,RameshPowar,29.0,5,2,22,0,0,0,0,KTK,Indian,2011,Bowler
171,RameshPowar,3.0,1,0,3,0,0,0,0,KXIP,Indian,2012,Bowler
93,MuraliKartik,59.0,6,3,31,3,0,4,0,KKR,Indian,2008,Bowler
48,MuraliKartik,93.5,10,4,77,0,0,1,0,KKR,Indian,2009,Bowler
44,MuraliKartik,126.0,10,9,77,2,0,5,0,KKR,Indian,2010,Bowler
112,MuraliKartik,48.5,6,1,40,1,0,1,0,PWI,Indian,2011,Bowler
80,MuraliKartik,106.0,11,4,76,1,1,4,0,PWI,Indian,2012,Bowler
74,MuraliKartik,112.5,11,9,71,0,0,4,0,RCB,Indian,2013,Bowler
131,MuraliKartik,16.0,2,1,10,0,0,1,0,KXIP,Indian,2014,Bowler
95,DwayneSmith,58.5,4,5,25,5,1,0,0,MI,Overseas,2008,Batsman
40,DwayneSmith,116.0,8,1,30,12,15,0,0,DEC,Overseas,2009,Batsman
148,DwayneSmith,15.5,3,1,6,1,1,0,0,DEC,Overseas,2010,Batsman
77,DwayneSmith,107.0,7,2,28,18,7,1,0,MI,Overseas,2012,Batsman
31,DwayneSmith,200.5,13,2,7,40,19,8,0,MI,Overseas,2013,Batsman
2,DwayneSmith,285.5,16,4,15,50,34,5,0,CSK,Overseas,2014,Batsman
12,DwayneSmith,216.0,16,1,4,52,16,9,0,CSK,Overseas,2015,Batsman
7,DwayneSmith,229.0,12,8,40,35,16,7,0,GL,Overseas,2016,Batsman
37,DwayneSmith,139.5,12,2,17,32,8,3,0,GL,Overseas,2017,Batsman
96,JacobOram,56.0,4,3,32,1,1,3,0,CSK,Overseas,2008,All Rounder
52,JacobOram,85.5,11,5,29,5,4,5,0,CSK,Overseas,2009,All Rounder
175,JacobOram,5.5,2,1,2,0,0,0,0,RR,Overseas,2011,All Rounder
169,JacobOram,11.0,1,0,11,0,0,0,0,MI,Overseas,2013,All Rounder
97,DwarakaRaviTeja,54.0,7,1,3,10,5,2,0,DEC,Indian,2008,Batsman
101,DwarakaRaviTeja,27.5,9,0,0,7,0,4,0,DEC,Indian,2009,Batsman
87,DwarakaRaviTeja,70.0,12,0,1,17,4,5,0,DC,Indian,2011,Batsman
174,DwarakaRaviTeja,2.5,2,0,0,1,0,0,0,DC,Indian,2012,Batsman
197,DwarakaRaviTeja,0.0,2,0,0,0,0,0,0,SRH,Indian,2013,Batsman
98,HarbhajanSingh,51.5,3,5,16,1,3,2,0,MI,Indian,2008,Bowler
16,HarbhajanSingh,187.0,13,12,105,6,5,3,0,MI,Indian,2009,Bowler
8,HarbhajanSingh,224.0,15,17,102,12,5,6,0,MI,Indian,2010,Bowler
13,HarbhajanSingh,224.5,15,14,127,9,6,2,0,MI,Indian,2011,Bowler
24,HarbhajanSingh,198.5,17,6,117,14,3,6,0,MI,Indian,2012,Bowler
4,HarbhajanSingh,317.0,19,24,163,12,5,9,0,MI,Indian,2013,Bowler
14,HarbhajanSingh,206.5,14,14,138,2,2,3,0,MI,Indian,2014,Bowler
6,HarbhajanSingh,241.5,15,18,117,9,9,3,0,MI,Indian,2015,Bowler
30,HarbhajanSingh,159.0,14,9,83,11,2,4,0,MI,Indian,2016,Bowler
47,HarbhajanSingh,132.5,11,8,96,0,1,2,0,MI,Indian,2017,Bowler
59,HarbhajanSingh,113.5,13,7,68,3,1,4,0,CSK,Indian,2018,Bowler
28,HarbhajanSingh,183.0,11,16,117,0,0,4,0,CSK,Indian,2019,Bowler
103,ManojTiwary,47.5,9,0,0,16,0,3,0,DC,Indian,2008,Batsman
68,ManojTiwary,90.5,13,1,2,23,5,4,0,KKR,Indian,2010,Batsman
55,ManojTiwary,133.0,15,0,4,26,14,6,0,KKR,Indian,2011,Batsman
94,ManojTiwary,88.0,16,0,0,21,3,10,0,KKR,Indian,2012,Batsman
101,ManojTiwary,58.5,10,0,0,12,1,10,0,KKR,Indian,2013,Batsman
94,ManojTiwary,54.5,8,0,3,14,4,1,0,DD,Indian,2014,Batsman
111,ManojTiwary,28.5,5,0,0,8,1,2,0,DD,Indian,2015,Batsman
51,ManojTiwary,128.5,15,0,0,31,11,5,0,RPS,Indian,2017,Batsman
125,ManojTiwary,23.5,5,0,0,4,1,4,0,KXIP,Indian,2018,Batsman
105,CameronWhite,41.5,8,0,0,8,4,3,0,RCB,Overseas,2008,Batsman
121,CameronWhite,30.0,7,0,2,3,3,4,0,RCB,Overseas,2010,Batsman
137,CameronWhite,27.0,6,0,0,6,2,2,0,DC,Overseas,2011,Batsman
28,CameronWhite,181.0,13,0,1,41,20,3,0,DC,Overseas,2012,Batsman
79,CameronWhite,103.0,13,1,5,18,7,10,0,SRH,Overseas,2013,Batsman
111,ShreevatsGoswami,36.0,4,0,0,9,1,2,2,RCB,Indian,2008,Wicket keeper
118,ShreevatsGoswami,17.5,2,0,0,6,0,1,0,RCB,Indian,2009,Wicket keeper
163,ShreevatsGoswami,5.0,1,0,0,2,0,0,0,RCB,Indian,2010,Wicket keeper
138,ShreevatsGoswami,25.0,5,0,0,5,0,4,1,KKR,Indian,2011,Wicket keeper
134,ShreevatsGoswami,33.5,11,0,0,4,1,4,4,RR,Indian,2012,Wicket keeper
114,ShreevatsGoswami,31.0,6,0,0,6,1,5,0,SRH,Indian,2018,Wicket keeper
119,SiddharthChitnis,25.5,3,2,10,1,1,1,0,MI,Indian,2008,Batsman
138,SiddharthChitnis,2.5,1,0,0,1,0,0,0,RR,Indian,2009,Batsman
189,SiddharthChitnis,2.5,1,0,0,1,0,0,0,KXIP,Indian,2011,Batsman
146,SiddharthChitnis,23.5,6,0,0,7,1,1,0,KXIP,Indian,2012,Batsman
121,ABdeVilliers,23.5,6,0,0,5,1,3,0,DC,Overseas,2008,Batsman
116,ABdeVilliers,32.5,7,0,0,7,0,6,0,DC,Overseas,2010,Batsman
61,ABdeVilliers,124.0,16,0,0,21,14,7,2,RCB,Overseas,2011,Batsman
45,ABdeVilliers,140.0,16,0,0,26,15,4,5,RCB,Overseas,2012,Batsman
49,ABdeVilliers,157.5,14,0,0,34,15,8,0,RCB,Overseas,2013,Batsman
29,ABdeVilliers,166.5,14,0,0,26,24,7,0,RCB,Overseas,2014,Batsman
5,ABdeVilliers,247.0,16,0,0,60,22,8,0,RCB,Overseas,2015,Batsman
3,ABdeVilliers,319.5,16,0,0,57,37,19,0,RCB,Overseas,2016,Batsman
68,ABdeVilliers,101.0,9,0,0,12,16,6,0,RCB,Overseas,2017,Batsman
18,ABdeVilliers,217.5,12,0,0,39,30,6,0,RCB,Overseas,2018,Batsman
27,ABdeVilliers,183.5,13,0,0,31,26,6,0,RCB,Overseas,2019,Batsman
122,DanielVettori,23.0,2,2,16,0,0,0,0,DC,Overseas,2008,Bowler
108,DanielVettori,38.0,3,2,21,4,0,0,0,DC,Overseas,2010,Bowler
35,DanielVettori,177.0,13,12,119,1,1,4,0,RCB,Overseas,2011,Bowler
82,DanielVettori,102.0,9,5,66,3,1,3,0,RCB,Overseas,2012,Bowler
126,PankajSingh,20.5,5,0,18,0,0,1,0,RR,Indian,2008,Bowler
110,PankajSingh,21.5,3,2,12,0,0,1,0,RCB,Indian,2009,Bowler
123,PankajSingh,28.0,2,2,21,0,0,0,0,RCB,Indian,2010,Bowler
164,PankajSingh,10.5,1,0,3,0,0,3,0,RR,Indian,2011,Bowler
98,PankajSingh,81.5,6,7,57,0,0,0,0,RR,Indian,2012,Bowler
127,PinalShah,20.0,5,0,0,4,0,4,0,MI,Indian,2008,Batsman
97,PinalShah,37.0,9,0,0,4,2,6,2,MI,Indian,2009,Batsman
182,PinalShah,5.0,2,0,0,1,0,0,1,RR,Indian,2011,Batsman
130,DimitriMascarenhas,18.5,1,2,8,0,1,0,0,RR,Overseas,2008,All Rounder
49,DimitriMascarenhas,91.5,5,6,58,4,0,1,0,RR,Overseas,2009,All Rounder
120,DimitriMascarenhas,30.0,2,4,16,0,0,0,0,RR,Overseas,2010,All Rounder
107,DimitriMascarenhas,67.0,4,7,35,1,0,2,0,KXIP,Overseas,2012,All Rounder
177,DimitriMascarenhas,7.0,1,0,7,0,0,0,0,KXIP,Overseas,2013,All Rounder
135,SaurabhTiwary,13.5,3,0,0,3,1,1,0,MI,Indian,2008,Batsman
143,SaurabhTiwary,0.0,4,0,0,0,0,0,0,MI,Indian,2009,Batsman
40,SaurabhTiwary,143.0,16,0,0,29,18,3,0,MI,Indian,2010,Batsman
93,SaurabhTiwary,62.5,16,0,0,13,5,5,0,RCB,Indian,2011,Batsman
116,SaurabhTiwary,58.0,15,0,0,9,8,3,0,RCB,Indian,2012,Batsman
137,SaurabhTiwary,29.0,9,0,0,4,4,2,0,RCB,Indian,2013,Batsman
94,SaurabhTiwary,52.5,7,0,0,9,5,5,0,DD,Indian,2015,Batsman
79,SaurabhTiwary,66.5,10,0,0,17,4,4,0,RPS,Indian,2016,Batsman
125,SaurabhTiwary,22.5,1,0,0,9,0,0,0,MI,Indian,2017,Batsman
136,AjanthaMendis,12.5,1,1,9,0,0,0,0,KKR,Overseas,2008,Bowler
92,AjanthaMendis,41.5,4,3,26,0,0,2,0,KKR,Overseas,2009,Bowler
138,AjanthaMendis,19.0,2,2,12,0,0,0,0,KKR,Overseas,2010,Bowler
122,AjanthaMendis,36.0,3,2,29,0,0,0,0,PWI,Overseas,2013,Bowler
143,BharatChipli,10.0,3,0,0,3,0,1,0,RCB,Indian,2008,Batsman
86,BharatChipli,70.0,14,0,1,21,4,1,0,DC,Indian,2011,Batsman
152,BharatChipli,17.0,5,0,0,3,2,1,0,DC,Indian,2012,Batsman
180,BharatChipli,6.0,1,0,0,1,1,0,0,DD,Indian,2013,Batsman
146,BradHodge,7.5,3,0,0,2,0,1,0,KKR,Overseas,2008,Batsman
19,BradHodge,180.0,12,7,34,34,9,2,0,KKR,Overseas,2009,Batsman
93,BradHodge,53.5,4,2,8,11,1,3,0,KKR,Overseas,2010,Batsman
46,BradHodge,151.5,14,7,28,26,9,1,0,KTK,Overseas,2011,Batsman
85,BradHodge,99.5,12,1,2,18,9,7,0,RR,Overseas,2012,Batsman
72,BradHodge,117.0,17,0,3,27,9,6,0,RR,Overseas,2013,Batsman
111,BradHodge,36.0,4,0,0,4,6,2,0,RR,Overseas,2014,Batsman
149,IqbalAbdulla,6.0,1,0,6,0,0,0,0,KKR,Indian,2008,Bowler
134,IqbalAbdulla,21.5,3,1,18,0,0,0,0,KKR,Indian,2010,Bowler
23,IqbalAbdulla,197.0,15,16,131,1,0,3,0,KKR,Indian,2011,Bowler
104,IqbalAbdulla,72.5,9,4,46,0,0,5,0,KKR,Indian,2012,Bowler
96,IqbalAbdulla,65.5,5,7,41,0,0,0,0,KKR,Indian,2013,Bowler
144,IqbalAbdulla,4.5,1,0,2,0,0,1,0,RR,Indian,2014,Bowler
84,IqbalAbdulla,72.5,5,4,46,4,0,1,0,RCB,Indian,2015,Bowler
70,IqbalAbdulla,79.5,8,6,35,4,1,4,0,RCB,Indian,2016,Bowler
138,IqbalAbdulla,13.0,2,2,6,0,0,0,0,RCB,Indian,2017,Bowler
154,MithunManhas,2.5,1,0,0,0,0,1,0,DC,Indian,2008,Batsman
100,MithunManhas,47.5,9,0,0,14,0,5,0,DC,Indian,2010,Batsman
104,MithunManhas,56.5,10,0,15,8,4,3,0,PWI,Indian,2011,Batsman
124,MithunManhas,49.0,10,0,0,10,4,4,0,PWI,Indian,2012,Batsman
173,MithunManhas,7.5,3,0,0,1,0,2,0,PWI,Indian,2013,Batsman
128,MithunManhas,18.5,12,0,0,3,1,3,0,CSK,Indian,2014,Batsman
155,AjinkyaRahane,2.5,2,0,0,1,0,0,0,MI,Indian,2008,Batsman
84,AjinkyaRahane,48.5,8,1,2,12,3,1,0,MI,Indian,2009,Batsman
123,AjinkyaRahane,39.5,10,0,0,12,2,1,0,RR,Indian,2011,Batsman
7,AjinkyaRahane,245.0,16,0,0,73,10,11,0,RR,Indian,2012,Batsman
43,AjinkyaRahane,168.5,18,0,0,42,11,10,0,RR,Indian,2013,Batsman
55,AjinkyaRahane,120.5,13,0,0,38,3,6,0,RR,Indian,2014,Batsman
27,AjinkyaRahane,185.5,14,0,0,53,13,3,0,RR,Indian,2015,Batsman
16,AjinkyaRahane,184.0,14,0,0,54,9,7,0,RPS,Indian,2016,Batsman
38,AjinkyaRahane,136.5,16,0,0,35,9,7,0,RPS,Indian,2017,Batsman
55,AjinkyaRahane,125.0,15,0,0,39,5,4,0,RR,Indian,2018,Batsman
43,AjinkyaRahane,156.5,14,0,0,45,9,5,0,RR,Indian,2019,Batsman
157,SrikkanthAnirudha,0.0,1,0,0,0,0,0,0,CSK,Indian,2008,Batsman
116,SrikkanthAnirudha,45.5,9,0,0,6,3,8,0,CSK,Indian,2011,Batsman
160,SrikkanthAnirudha,9.5,4,0,0,1,2,0,0,CSK,Indian,2012,Batsman
192,SrikkanthAnirudha,0.0,1,0,0,0,0,0,0,CSK,Indian,2013,Batsman
151,SrikkanthAnirudha,0.0,1,0,0,0,0,0,0,SRH,Indian,2014,Batsman
160,SunnySohal,0.0,2,0,0,0,0,0,0,KXIP,Indian,2008,Batsman
79,SunnySohal,55.5,8,0,0,9,8,2,0,KXIP,Indian,2009,Batsman
76,SunnySohal,97.5,11,0,0,25,10,0,0,DC,Indian,2011,Batsman
161,ManishPandey,0.0,3,0,0,0,0,0,0,MI,Indian,2008,Batsman
72,ManishPandey,66.5,5,0,0,17,4,4,0,RCB,Indian,2009,Batsman
56,ManishPandey,109.5,13,0,0,27,7,7,0,RCB,Indian,2010,Batsman
73,ManishPandey,103.5,10,0,0,28,6,5,0,PWI,Indian,2011,Batsman
114,ManishPandey,58.5,10,0,0,12,6,3,0,PWI,Indian,2012,Batsman
105,ManishPandey,53.0,7,0,0,11,3,6,0,PWI,Indian,2013,Batsman
49,ManishPandey,130.0,16,0,0,35,10,3,0,KKR,Indian,2014,Batsman
72,ManishPandey,92.0,13,0,0,22,7,5,0,KKR,Indian,2015,Batsman
62,ManishPandey,91.5,12,0,0,17,9,7,0,KKR,Indian,2016,Batsman
48,ManishPandey,132.0,14,0,0,28,12,8,0,KKR,Indian,2017,Batsman
65,ManishPandey,95.0,15,0,0,22,5,9,0,SRH,Indian,2018,Batsman
58,ManishPandey,123.5,12,0,0,34,6,7,0,SRH,Indian,2019,Batsman
10,LasithMalinga,212.0,13,18,144,0,0,2,0,MI,Overseas,2009,Bowler
23,LasithMalinga,173.5,13,15,116,0,0,2,0,MI,Overseas,2010,Bowler
2,LasithMalinga,294.5,16,28,183,0,1,4,0,MI,Overseas,2011,Bowler
4,LasithMalinga,257.5,14,22,145,4,3,6,0,MI,Overseas,2012,Bowler
19,LasithMalinga,227.0,17,20,147,1,0,3,0,MI,Overseas,2013,Bowler
34,LasithMalinga,155.0,10,16,99,0,0,0,0,MI,Overseas,2014,Bowler
8,LasithMalinga,231.5,15,24,140,1,0,2,0,MI,Overseas,2015,Bowler
40,LasithMalinga,134.5,12,11,90,0,1,1,0,MI,Overseas,2017,Bowler
48,LasithMalinga,149.5,12,16,91,0,0,1,0,MI,Overseas,2019,Bowler
24,JPDuminy,171.5,13,4,44,26,11,4,0,MI,Overseas,2009,All Rounder
77,JPDuminy,74.0,7,1,13,13,5,3,0,MI,Overseas,2010,All Rounder
68,JPDuminy,113.5,10,4,44,9,8,2,0,DC,Overseas,2011,All Rounder
70,JPDuminy,111.5,9,1,22,13,11,6,0,DC,Overseas,2012,All Rounder
19,JPDuminy,200.5,14,3,60,22,20,2,0,DD,Overseas,2014,All Rounder
11,JPDuminy,218.5,14,8,33,27,20,8,0,DD,Overseas,2015,All Rounder
76,JPDuminy,69.5,10,2,12,13,3,3,0,DD,Overseas,2016,All Rounder
128,JPDuminy,22.0,6,0,6,3,1,2,0,MI,Overseas,2018,All Rounder
32,TirumalasettiSuman,126.5,12,5,31,18,8,2,0,DEC,Indian,2009,Batsman
57,TirumalasettiSuman,109.0,14,0,2,23,12,3,0,DEC,Indian,2010,Batsman
120,TirumalasettiSuman,42.0,8,0,7,5,5,2,0,MI,Indian,2011,Batsman
164,TirumalasettiSuman,8.5,2,0,0,1,1,1,0,MI,Indian,2012,Batsman
130,TirumalasettiSuman,31.5,7,1,3,8,0,2,0,PWI,Indian,2013,Batsman
36,ShadabJakati,122.5,9,13,62,3,0,3,0,CSK,Indian,2009,Bowler
43,ShadabJakati,130.0,11,13,82,0,0,1,0,CSK,Indian,2010,Bowler
52,ShadabJakati,137.5,15,10,80,0,0,9,0,CSK,Indian,2011,Bowler
66,ShadabJakati,117.5,15,9,76,0,0,4,0,CSK,Indian,2012,Bowler
145,ShadabJakati,4.0,1,0,4,0,0,0,0,RCB,Indian,2014,Bowler
102,ShadabJakati,47.0,6,2,30,0,0,4,0,GL,Indian,2016,Bowler
153,ShadabJakati,4.0,2,0,4,0,0,0,0,GL,Indian,2017,Bowler
37,ChrisGayle,120.5,7,1,32,15,10,5,0,KKR,Overseas,2009,Batsman
21,ChrisGayle,179.0,9,4,29,30,16,2,0,KKR,Overseas,2010,Batsman
1,ChrisGayle,409.5,12,8,80,57,44,2,0,RCB,Overseas,2011,Batsman
1,ChrisGayle,331.5,15,0,5,46,59,2,0,RCB,Overseas,2012,Batsman
2,ChrisGayle,349.0,16,3,10,57,51,3,0,RCB,Overseas,2013,Batsman
69,ChrisGayle,92.0,9,0,0,18,12,2,0,RCB,Overseas,2014,Batsman
7,ChrisGayle,236.0,14,0,3,39,38,1,0,RCB,Overseas,2015,Batsman
35,ChrisGayle,154.0,10,2,21,17,21,4,0,RCB,Overseas,2016,Batsman
73,ChrisGayle,91.5,9,0,0,15,14,2,0,RCB,Overseas,2017,Batsman
31,ChrisGayle,174.5,11,0,0,30,27,2,0,KXIP,Overseas,2018,Batsman
10,ChrisGayle,231.5,13,0,0,45,34,0,0,KXIP,Overseas,2019,Batsman
59,NamanOjha,81.0,8,0,0,11,11,2,4,RR,Indian,2009,Wicket keeper
24,NamanOjha,172.5,14,0,0,42,15,4,2,RR,Indian,2010,Wicket keeper
80,NamanOjha,86.0,14,0,0,11,11,8,0,DD,Indian,2011,Wicket keeper
51,NamanOjha,135.5,18,0,0,21,13,13,2,DD,Indian,2012,Wicket keeper
181,NamanOjha,5.0,2,0,0,1,0,1,0,DD,Indian,2013,Wicket keeper
58,NamanOjha,112.0,11,0,0,14,17,6,1,SRH,Indian,2014,Wicket keeper
88,NamanOjha,61.5,14,0,0,12,4,6,1,SRH,Indian,2015,Wicket keeper
69,NamanOjha,80.0,17,0,0,7,5,18,0,SRH,Indian,2016,Wicket keeper
116,NamanOjha,30.5,14,0,0,2,3,6,0,SRH,Indian,2017,Wicket keeper
148,NamanOjha,0.0,1,0,0,0,0,0,0,DD,Indian,2018,Wicket keeper
63,JesseRyder,78.0,5,3,40,9,0,2,0,RCB,Overseas,2009,Batsman
31,JesseRyder,184.0,13,4,29,37,11,4,0,PWI,Overseas,2011,Batsman
73,JesseRyder,109.0,11,1,10,23,8,4,0,PWI,Overseas,2012,Batsman
67,KevinPietersen,74.5,6,4,26,8,2,3,0,RCB,Overseas,2009,Batsman
48,KevinPietersen,121.5,7,3,18,23,8,3,0,RCB,Overseas,2010,Batsman
40,KevinPietersen,142.5,8,0,10,22,20,3,0,DD,Overseas,2012,Batsman
56,KevinPietersen,114.5,11,0,0,34,7,2,0,DD,Overseas,2014,Batsman
126,KevinPietersen,23.0,4,0,0,4,3,1,0,RPS,Overseas,2016,Batsman
69,HarmeetSinghBansal,71.5,7,3,46,0,0,6,0,DEC,Indian,2009,Bowler
69,HarmeetSinghBansal,88.0,8,8,60,0,0,0,0,DEC,Indian,2010,Bowler
134,HarmeetSinghBansal,27.5,2,3,17,0,0,0,0,DC,Indian,2011,Bowler
109,HarmeetSinghBansal,64.0,7,6,33,3,0,1,0,KXIP,Indian,2012,Bowler
109,HarmeetSinghBansal,47.0,3,5,27,0,0,1,0,KXIP,Indian,2013,Bowler
80,JohanBotha,53.0,3,3,30,5,0,0,0,RR,Overseas,2009,Bowler
34,JohanBotha,177.5,10,7,81,20,2,6,0,RR,Overseas,2011,Bowler
47,JohanBotha,139.5,11,9,87,4,1,3,0,RR,Overseas,2012,Bowler
85,JohanBotha,83.0,6,5,37,5,1,5,0,DD,Overseas,2013,Bowler
96,JohanBotha,48.5,4,1,19,5,1,4,0,KKR,Overseas,2015,Bowler
82,RaviBopara,50.0,5,0,3,8,7,1,0,KXIP,Overseas,2009,Batsman
46,RaviBopara,121.5,10,5,21,25,3,4,0,KXIP,Overseas,2010,Batsman
67,RaviBopara,99.0,9,6,37,6,6,2,0,SRH,Overseas,2015,Batsman
86,MoisesHenriques,47.0,4,2,24,2,1,3,0,KKR,Overseas,2009,All Rounder
135,MoisesHenriques,21.0,1,1,10,2,0,1,0,DC,Overseas,2010,All Rounder
55,MoisesHenriques,147.5,10,7,50,20,3,5,0,RCB,Overseas,2013,All Rounder
107,MoisesHenriques,39.0,4,4,20,1,0,1,0,SRH,Overseas,2014,All Rounder
22,MoisesHenriques,191.0,9,11,57,19,13,1,0,SRH,Overseas,2015,All Rounder
9,MoisesHenriques,217.0,17,12,89,15,6,11,0,SRH,Overseas,2016,All Rounder
52,MoisesHenriques,127.0,12,1,27,28,4,5,0,SRH,Overseas,2017,All Rounder
102,CharlLangeveldt,26.5,1,3,16,0,0,0,0,KKR,Overseas,2009,Bowler
104,CharlLangeveldt,43.5,3,5,26,0,0,0,0,KKR,Overseas,2010,Bowler
113,CharlLangeveldt,48.0,3,5,27,0,1,0,0,RCB,Overseas,2011,Bowler
104,RavichandranAshwin,25.5,2,2,11,1,0,2,0,CSK,Indian,2009,Bowler
22,RavichandranAshwin,178.0,12,13,125,2,0,1,0,CSK,Indian,2010,Bowler
7,RavichandranAshwin,237.0,16,20,157,0,0,4,0,CSK,Indian,2011,Bowler
21,RavichandranAshwin,207.5,19,14,141,2,0,5,0,CSK,Indian,2012,Bowler
32,RavichandranAshwin,193.5,18,15,121,4,0,4,0,CSK,Indian,2013,Bowler
20,RavichandranAshwin,198.5,16,16,130,4,0,1,0,CSK,Indian,2014,Bowler
32,RavichandranAshwin,175.0,14,10,114,6,1,3,0,CSK,Indian,2015,Bowler
41,RavichandranAshwin,146.5,14,10,93,3,1,3,0,RPS,Indian,2016,Bowler
41,RavichandranAshwin,159.5,14,10,77,7,5,5,0,KXIP,Indian,2018,Bowler
31,RavichandranAshwin,180.5,14,15,100,3,3,4,0,KXIP,Indian,2019,Bowler
105,MorneMorkel,25.0,2,0,20,1,0,1,0,RR,Overseas,2009,Bowler
136,MorneMorkel,20.0,2,0,15,1,0,1,0,RR,Overseas,2010,Bowler
33,MorneMorkel,177.5,11,13,115,3,2,1,0,DD,Overseas,2011,Bowler
8,MorneMorkel,244.0,16,25,154,0,0,1,0,DD,Overseas,2012,Bowler
58,MorneMorkel,141.0,10,7,91,6,3,0,0,DD,Overseas,2013,Bowler
16,MorneMorkel,205.0,12,12,148,0,0,6,0,KKR,Overseas,2014,Bowler
56,MorneMorkel,113.5,7,10,76,0,0,1,0,KKR,Overseas,2015,Bowler
46,MorneMorkel,124.0,10,10,89,0,0,0,0,KKR,Overseas,2016,Bowler
107,AnureetSingh,23.0,3,2,16,0,0,0,0,KKR,Indian,2009,Bowler
35,AnureetSingh,171.0,14,15,105,0,1,4,0,KXIP,Indian,2015,Bowler
141,AnureetSingh,12.0,2,0,12,0,0,0,0,KXIP,Indian,2016,Bowler
147,AnureetSingh,7.0,1,0,2,2,0,0,0,KXIP,Indian,2017,Bowler
135,AnureetSingh,10.0,3,1,4,0,0,1,0,RR,Indian,2018,Bowler
109,MuraliVijay,22.0,4,0,0,4,2,2,0,CSK,Indian,2009,Batsman
14,MuraliVijay,208.5,15,0,0,36,26,11,0,CSK,Indian,2010,Batsman
42,MuraliVijay,167.5,16,0,0,34,20,5,0,CSK,Indian,2011,Batsman
36,MuraliVijay,147.5,14,0,0,39,10,6,0,CSK,Indian,2012,Batsman
73,MuraliVijay,115.5,15,0,0,27,8,8,0,CSK,Indian,2013,Batsman
72,MuraliVijay,89.5,11,0,2,20,5,8,0,DD,Indian,2014,Batsman
61,MuraliVijay,109.5,11,0,4,27,8,4,0,KXIP,Indian,2015,Batsman
25,MuraliVijay,167.0,14,0,2,50,10,2,0,KXIP,Indian,2016,Batsman
146,MuraliVijay,3.5,1,0,0,0,1,0,0,CSK,Indian,2018,Batsman
126,MuraliVijay,21.0,2,0,0,6,1,1,0,CSK,Indian,2019,Batsman
117,GeorgeBailey,17.5,3,0,0,7,0,0,0,CSK,Overseas,2009,Batsman
161,GeorgeBailey,5.0,1,0,0,2,0,0,0,CSK,Overseas,2010,Batsman
65,GeorgeBailey,102.5,17,0,0,19,10,8,0,KXIP,Overseas,2014,Batsman
78,GeorgeBailey,82.0,13,0,0,22,7,1,0,KXIP,Overseas,2015,Batsman
115,GeorgeBailey,34.5,6,0,0,9,2,2,0,RPS,Overseas,2016,Batsman
126,AngeloMathews,9.5,1,0,2,2,0,1,0,KKR,Overseas,2009,All Rounder
28,AngeloMathews,166.5,14,8,58,18,8,3,0,KKR,Overseas,2010,All Rounder
75,AngeloMathews,108.5,9,7,50,5,4,3,0,PWI,Overseas,2012,All Rounder
64,AngeloMathews,127.5,11,5,50,5,10,5,0,PWI,Overseas,2013,All Rounder
41,AngeloMathews,149.0,11,7,61,12,6,5,0,DD,Overseas,2015,All Rounder
130,AngeloMathews,16.5,3,0,3,2,1,2,0,DC,Overseas,2017,All Rounder
139,PaulValthaty,2.5,2,0,0,1,0,0,0,RR,Indian,2009,Batsman
3,PaulValthaty,282.5,14,7,43,56,20,2,0,KXIP,Indian,2011,Batsman
154,PaulValthaty,13.5,6,0,1,4,0,1,0,KXIP,Indian,2012,Batsman
194,PaulValthaty,0.0,1,0,0,0,0,0,0,KXIP,Indian,2013,Batsman
5,KieronPollard,242.5,14,15,58,23,17,6,0,MI,Overseas,2010,All Rounder
30,KieronPollard,184.0,16,10,73,12,6,10,0,MI,Overseas,2011,All Rounder
10,KieronPollard,242.5,14,16,85,15,14,6,0,MI,Overseas,2012,All Rounder
7,KieronPollard,294.0,18,10,60,27,29,12,0,MI,Overseas,2013,All Rounder
38,KieronPollard,147.5,15,2,33,15,15,7,0,MI,Overseas,2014,All Rounder
13,KieronPollard,215.0,16,3,14,28,28,9,0,MI,Overseas,2015,All Rounder
59,KieronPollard,100.0,13,0,4,11,16,5,0,MI,Overseas,2016,All Rounder
22,KieronPollard,179.5,17,0,0,26,22,15,0,MI,Overseas,2017,All Rounder
98,KieronPollard,59.5,9,0,0,10,7,4,0,MI,Overseas,2018,All Rounder
53,KieronPollard,132.0,16,0,0,14,22,8,0,MI,Overseas,2019,All Rounder
35,AmbatiRayudu,148.0,14,0,0,34,13,6,1,MI,Indian,2010,Batsman
45,AmbatiRayudu,164.5,16,0,3,44,9,7,1,MI,Indian,2011,Batsman
78,AmbatiRayudu,106.5,17,0,0,21,14,2,0,MI,Indian,2012,Batsman
83,AmbatiRayudu,89.0,19,0,0,22,4,8,0,MI,Indian,2013,Batsman
54,AmbatiRayudu,120.5,15,0,0,31,8,6,0,MI,Indian,2014,Batsman
55,AmbatiRayudu,123.5,15,0,0,18,16,9,0,MI,Indian,2015,Batsman
49,AmbatiRayudu,122.0,13,0,0,28,12,4,0,MI,Indian,2016,Batsman
113,AmbatiRayudu,35.5,5,0,0,7,3,3,0,MI,Indian,2017,Batsman
9,AmbatiRayudu,256.5,16,0,0,53,34,2,0,CSK,Indian,2018,Batsman
73,AmbatiRayudu,89.5,17,0,0,20,7,6,0,CSK,Indian,2019,Batsman
36,DougBollinger,147.0,8,12,94,1,1,2,0,CSK,Overseas,2010,Bowler
32,DougBollinger,183.5,13,17,114,0,0,4,0,CSK,Overseas,2011,Bowler
99,DougBollinger,79.0,6,8,46,0,0,2,0,CSK,Overseas,2012,Bowler
42,DavidWarner,136.5,11,0,0,27,14,8,0,DC,Overseas,2010,Batsman
54,DavidWarner,133.5,13,0,0,34,11,4,0,DD,Overseas,2011,Batsman
63,DavidWarner,121.5,8,0,0,28,14,1,0,DD,Overseas,2012,Batsman
45,DavidWarner,166.5,16,0,0,41,14,6,0,DD,Overseas,2013,Batsman
18,DavidWarner,201.5,14,0,0,39,24,8,0,SRH,Overseas,2014,Batsman
3,DavidWarner,256.0,14,0,0,65,21,8,0,SRH,Overseas,2015,Batsman
2,DavidWarner,338.5,17,0,0,88,31,4,0,SRH,Overseas,2016,Batsman
2,DavidWarner,273.5,14,0,0,63,26,10,0,SRH,Overseas,2017,Batsman
13,DavidWarner,221.0,12,0,0,57,21,2,0,SRH,Overseas,2019,Batsman
52,DirkNannes,118.5,9,7,89,0,0,2,0,DC,Overseas,2010,Bowler
144,DirkNannes,20.5,2,2,11,0,0,1,0,RCB,Overseas,2011,Bowler
91,DirkNannes,71.5,5,4,50,0,0,3,0,CSK,Overseas,2013,Bowler
53,ShaunTait,118.5,8,10,70,0,1,4,0,RR,Overseas,2010,Bowler
85,ShaunTait,73.0,4,6,42,1,0,3,0,RR,Overseas,2011,Bowler
93,ShaunTait,88.5,6,6,65,0,0,1,0,RR,Overseas,2012,Bowler
140,ShaunTait,26.5,3,1,23,0,0,0,0,RR,Overseas,2013,Bowler
62,ManvinderBisla,101.0,10,0,0,27,6,5,0,KXIP,Indian,2010,Batsman
135,ManvinderBisla,27.5,5,0,0,8,0,1,2,KKR,Indian,2011,Batsman
88,ManvinderBisla,95.0,7,0,0,16,10,6,2,KKR,Indian,2012,Batsman
60,ManvinderBisla,136.0,14,0,0,36,6,7,3,KKR,Indian,2013,Batsman
147,ManvinderBisla,2.5,1,0,0,0,0,1,0,KKR,Indian,2014,Batsman
118,ManvinderBisla,21.0,2,0,0,6,1,1,0,RCB,Indian,2015,Batsman
73,UmeshYadav,78.5,7,6,55,0,0,1,0,DC,Indian,2010,Bowler
109,UmeshYadav,50.5,7,2,36,0,0,3,0,DD,Indian,2011,Bowler
16,UmeshYadav,219.0,17,19,145,0,0,3,0,DD,Indian,2012,Bowler
28,UmeshYadav,205.5,16,16,126,3,1,5,0,DD,Indian,2013,Bowler
42,UmeshYadav,138.5,12,11,95,0,0,2,0,KKR,Indian,2014,Bowler
38,UmeshYadav,155.5,12,10,92,5,1,5,0,KKR,Indian,2015,Bowler
65,UmeshYadav,87.0,9,10,46,0,1,1,0,KKR,Indian,2016,Bowler
16,UmeshYadav,186.5,14,17,117,0,0,4,0,KKR,Indian,2017,Bowler
16,UmeshYadav,223.0,14,20,148,0,0,2,0,RCB,Indian,2018,Bowler
51,UmeshYadav,137.0,11,8,88,3,1,4,0,RCB,Indian,2019,Bowler
76,AbhishekJhunjhunwala,76.0,13,0,12,16,4,4,0,RR,Indian,2010,Batsman
153,AbhishekJhunjhunwala,16.0,3,0,1,2,0,4,0,PWI,Indian,2011,Batsman
138,AbhishekJhunjhunwala,28.5,5,1,14,1,1,2,0,DC,Indian,2012,Batsman
81,RahulSharma,68.5,6,5,40,3,1,0,0,DEC,Indian,2010,Bowler
20,RahulSharma,211.0,14,16,128,1,2,7,0,PWI,Indian,2011,Bowler
74,RahulSharma,108.5,11,9,72,0,0,2,0,PWI,Indian,2012,Bowler
68,RahulSharma,124.0,11,9,85,1,0,2,0,PWI,Indian,2013,Bowler
136,RahulSharma,12.5,2,1,9,0,0,0,0,DD,Indian,2014,Bowler
82,JuanTheron,67.5,7,6,44,0,0,1,0,KXIP,Overseas,2010,Bowler
140,JuanTheron,27.5,2,2,18,1,0,0,0,DC,Overseas,2012,Bowler
133,JuanTheron,7.5,1,1,4,0,0,0,0,RR,Overseas,2015,Bowler
89,RajagopalSathish,56.0,12,2,14,11,0,3,0,MI,Indian,2010,All Rounder
150,RajagopalSathish,17.0,9,0,7,1,0,3,0,MI,Indian,2011,All Rounder
114,RajagopalSathish,41.0,9,0,1,9,5,0,0,KXIP,Indian,2013,All Rounder
133,RajagopalSathish,17.5,4,1,8,1,1,0,0,KKR,Indian,2016,All Rounder
97,CheteshwarPujara,50.5,10,0,0,14,3,2,0,KKR,Indian,2010,Batsman
160,CheteshwarPujara,12.5,7,0,0,4,0,1,0,RCB,Indian,2011,Batsman
157,CheteshwarPujara,11.0,3,0,0,1,1,2,0,RCB,Indian,2012,Batsman
119,CheteshwarPujara,37.5,4,0,0,14,0,1,0,RCB,Indian,2013,Batsman
104,CheteshwarPujara,42.5,6,0,0,17,0,0,0,KXIP,Indian,2014,Batsman
109,MitchellMarsh,37.0,3,2,24,1,1,0,0,DEC,Overseas,2010,All Rounder
92,MitchellMarsh,65.0,5,7,25,2,3,0,0,PWI,Overseas,2011,All Rounder
65,MitchellMarsh,127.0,9,7,35,6,10,7,0,PWI,Overseas,2013,All Rounder
105,MitchellMarsh,42.0,3,4,28,0,0,0,0,RPS,Overseas,2016,All Rounder
110,JaydevUnadkat,36.5,3,4,20,0,0,1,0,KKR,Indian,2010,Bowler
91,JaydevUnadkat,66.0,7,6,40,0,0,2,0,KKR,Indian,2011,Bowler
180,JaydevUnadkat,2.0,1,0,2,0,0,0,0,KKR,Indian,2012,Bowler
53,JaydevUnadkat,150.0,13,13,102,0,0,1,0,RCB,Indian,2013,Bowler
70,JaydevUnadkat,90.5,9,9,59,0,0,0,0,DD,Indian,2014,Bowler
134,JaydevUnadkat,7.0,1,0,7,0,0,0,0,DD,Indian,2015,Bowler
148,JaydevUnadkat,5.0,1,0,5,0,0,0,0,KKR,Indian,2016,Bowler
4,JaydevUnadkat,225.5,12,24,119,0,0,9,0,RPS,Indian,2017,Bowler
37,JaydevUnadkat,169.0,15,11,97,6,1,6,0,RR,Indian,2018,Bowler
68,JaydevUnadkat,103.0,11,10,58,0,0,4,0,RR,Indian,2019,Bowler
113,OwaisShah,35.0,5,0,0,7,5,0,0,KKR,Overseas,2010,Batsman
158,OwaisShah,14.5,3,0,0,1,2,2,0,KTK,Overseas,2011,Batsman
57,OwaisShah,128.5,13,0,0,24,16,5,0,RR,Overseas,2012,Batsman
186,OwaisShah,5.0,2,0,0,2,0,0,0,RR,Overseas,2013,Batsman
117,ParasDogra,32.5,9,0,0,4,5,2,0,RR,Indian,2010,Batsman
175,ParasDogra,2.5,3,0,0,0,0,1,0,KXIP,Indian,2012,Batsman
190,ParasDogra,2.5,1,0,0,0,0,1,0,KKR,Indian,2013,Batsman
118,BipulSharma,32.0,5,3,14,1,0,2,0,KXIP,Indian,2010,Bowler
115,BipulSharma,46.0,4,4,27,1,0,1,0,KXIP,Indian,2011,Bowler
129,BipulSharma,41.0,5,0,13,6,3,1,0,KXIP,Indian,2012,Bowler
158,BipulSharma,14.5,1,1,11,0,0,0,0,KXIP,Indian,2013,Bowler
115,BipulSharma,27.5,4,3,17,0,0,0,0,SRH,Indian,2015,Bowler
87,BipulSharma,56.5,7,3,21,1,5,2,0,SRH,Indian,2016,Bowler
102,BipulSharma,49.5,7,3,28,2,1,1,0,SRH,Indian,2017,Bowler
128,KedarJadhav,24.5,5,0,0,7,2,0,0,DC,Indian,2010,All Rounder
172,KedarJadhav,7.5,6,0,0,1,0,2,0,KTK,Indian,2011,All Rounder
106,KedarJadhav,52.5,12,0,0,8,5,4,2,DD,Indian,2013,All Rounder
88,KedarJadhav,64.5,10,0,0,13,7,3,0,DD,Indian,2014,All Rounder
76,KedarJadhav,84.5,14,0,0,16,7,6,2,DD,Indian,2015,All Rounder
139,KedarJadhav,14.5,4,0,0,2,2,1,0,RCB,Indian,2016,All Rounder
60,KedarJadhav,122.5,13,0,0,25,10,7,3,RCB,Indian,2017,All Rounder
136,KedarJadhav,9.5,1,0,0,1,2,0,0,CSK,Indian,2018,All Rounder
85,KedarJadhav,68.0,14,0,0,19,3,4,0,CSK,Indian,2019,All Rounder
140,EoinMorgan,18.5,6,0,0,2,1,4,0,RCB,Overseas,2010,Batsman
99,EoinMorgan,60.5,12,0,0,17,3,3,0,KKR,Overseas,2011,Batsman
61,EoinMorgan,130.5,14,0,0,28,13,6,0,KKR,Overseas,2013,Batsman
81,EoinMorgan,78.5,9,0,0,11,11,5,0,SRH,Overseas,2015,Batsman
106,EoinMorgan,41.5,7,0,0,8,4,3,0,SRH,Overseas,2016,Batsman
117,EoinMorgan,29.5,4,0,0,6,2,3,0,KXIP,Overseas,2017,Batsman
159,AaronFinch,6.5,1,0,3,0,1,0,0,RR,Overseas,2010,Batsman
126,AaronFinch,33.0,6,0,5,3,3,4,0,DD,Overseas,2011,Batsman
148,AaronFinch,20.0,2,0,0,8,0,0,0,DD,Overseas,2012,Batsman
29,AaronFinch,204.5,14,1,5,54,16,2,0,PWI,Overseas,2013,Batsman
51,AaronFinch,124.0,13,0,0,31,9,6,0,SRH,Overseas,2014,Batsman
130,AaronFinch,10.0,3,0,0,4,0,0,0,MI,Overseas,2015,Batsman
32,AaronFinch,158.5,13,0,0,45,11,3,0,GL,Overseas,2016,Batsman
36,AaronFinch,141.5,13,0,0,25,19,5,0,GL,Overseas,2017,Batsman
101,AaronFinch,53.0,10,0,0,6,8,4,0,KXIP,Overseas,2018,Batsman
166,StuartBinny,2.5,1,0,0,1,0,0,0,MI,Indian,2010,All Rounder
156,StuartBinny,14.5,6,0,1,2,1,2,0,RR,Indian,2011,All Rounder
113,StuartBinny,61.0,8,3,15,9,3,1,0,RR,Indian,2012,All Rounder
33,StuartBinny,190.0,17,6,57,25,12,3,0,RR,Indian,2013,All Rounder
89,StuartBinny,63.5,13,3,18,4,5,3,0,RR,Indian,2014,All Rounder
64,StuartBinny,103.5,13,4,56,7,1,5,0,RR,Indian,2015,All Rounder
81,StuartBinny,65.5,14,1,28,5,4,3,0,RCB,Indian,2016,All Rounder
99,StuartBinny,51.0,8,4,9,6,3,1,0,RCB,Indian,2017,All Rounder
131,StuartBinny,16.5,7,0,2,2,2,1,0,RR,Indian,2018,All Rounder
104,StuartBinny,43.0,8,1,13,5,4,0,0,RR,Indian,2019,All Rounder
172,ThisaraPerera,0.0,1,0,0,0,0,0,0,CSK,Overseas,2010,All Rounder
121,ThisaraPerera,41.0,4,2,24,4,0,0,0,KTK,Overseas,2011,All Rounder
165,ThisaraPerera,7.0,2,0,2,0,0,2,0,MI,Overseas,2012,All Rounder
8,ThisaraPerera,294.0,16,19,136,12,14,5,0,SRH,Overseas,2013,All Rounder
121,ThisaraPerera,16.0,2,1,9,0,1,0,0,KXIP,Overseas,2015,All Rounder
34,ThisaraPerera,156.0,12,9,56,7,11,5,0,RPS,Overseas,2016,All Rounder
19,DanChristian,212.0,14,11,109,9,7,7,0,DC,Overseas,2011,All Rounder
52,DanChristian,135.0,7,8,51,8,6,6,0,DC,Overseas,2012,All Rounder
159,DanChristian,14.0,2,0,14,0,0,0,0,RCB,Overseas,2013,All Rounder
29,DanChristian,157.5,13,11,74,5,5,6,0,RPS,Overseas,2017,All Rounder
107,DanChristian,39.5,4,4,22,0,1,0,0,DD,Overseas,2018,All Rounder
22,SreenathArvind,201.0,13,21,115,2,0,3,0,RCB,Indian,2011,Bowler
156,SreenathArvind,12.5,1,0,5,3,0,0,0,RCB,Indian,2012,Bowler
82,SreenathArvind,77.5,5,8,47,0,0,1,0,RCB,Indian,2015,Bowler
54,SreenathArvind,111.0,9,11,65,0,0,3,0,RCB,Indian,2016,Bowler
80,SreenathArvind,83.0,10,5,58,2,0,1,0,RCB,Indian,2017,Bowler
66,WayneParnell,117.5,8,9,75,2,1,1,0,PWI,Overseas,2011,Bowler
102,WayneParnell,76.0,6,5,51,2,0,1,0,PWI,Overseas,2012,Bowler
102,WayneParnell,56.5,4,6,33,0,0,1,0,PWI,Overseas,2013,Bowler
62,WayneParnell,108.0,8,6,82,0,0,2,0,DD,Overseas,2014,Bowler
70,ShakibAlHasan,107.5,7,11,59,4,0,0,0,KKR,Overseas,2011,All Rounder
49,ShakibAlHasan,138.0,8,12,68,6,3,1,0,KKR,Overseas,2012,All Rounder
6,ShakibAlHasan,238.5,13,11,113,22,7,3,0,KKR,Overseas,2014,All Rounder
90,ShakibAlHasan,60.5,4,4,34,5,0,0,0,KKR,Overseas,2015,All Rounder
50,ShakibAlHasan,120.5,10,5,58,7,5,4,0,KKR,Overseas,2016,All Rounder
150,ShakibAlHasan,5.0,1,0,5,0,0,0,0,KKR,Overseas,2017,All Rounder
11,ShakibAlHasan,237.0,17,14,98,26,5,3,0,SRH,Overseas,2018,All Rounder
119,ShakibAlHasan,29.0,3,2,22,0,0,0,0,SRH,Overseas,2019,All Rounder
97,MayankAgarwal,61.5,8,0,0,16,4,3,0,RCB,Indian,2011,Batsman
62,MayankAgarwal,122.5,16,0,0,19,15,9,0,RCB,Indian,2012,Batsman
128,MayankAgarwal,33.0,5,0,0,6,3,3,0,RCB,Indian,2013,Batsman
103,MayankAgarwal,43.0,8,0,0,12,3,1,0,DD,Indian,2014,Batsman
75,MayankAgarwal,89.5,10,0,0,23,7,3,0,DD,Indian,2015,Batsman
143,MayankAgarwal,11.0,3,0,0,3,1,0,0,DD,Indian,2016,Batsman
143,MayankAgarwal,10.0,3,0,0,3,0,1,0,RPS,Indian,2017,Batsman
106,MayankAgarwal,45.0,11,0,0,9,5,2,0,KXIP,Indian,2018,Batsman
54,MayankAgarwal,131.5,13,0,0,26,14,7,0,KXIP,Indian,2019,Batsman
103,TimSouthee,57.0,5,4,43,0,0,0,0,CSK,Overseas,2011,Bowler
114,TimSouthee,32.5,3,0,25,1,0,2,0,RR,Overseas,2014,Bowler
66,TimSouthee,99.5,7,6,66,1,0,4,0,RR,Overseas,2015,Bowler
39,TimSouthee,150.0,11,9,99,1,2,4,0,MI,Overseas,2016,Bowler
111,TimSouthee,37.5,3,3,21,0,1,1,0,MI,Overseas,2017,Bowler
63,TimSouthee,100.0,8,5,59,5,1,3,0,RCB,Overseas,2018,Bowler
117,TimSouthee,30.0,3,1,19,0,0,3,0,RCB,Overseas,2019,Bowler
108,ShahbazNadeem,51.0,5,4,37,0,0,0,0,DD,Indian,2011,Bowler
60,ShahbazNadeem,123.5,12,8,88,0,0,3,0,DD,Indian,2012,Bowler
57,ShahbazNadeem,141.5,12,9,95,1,0,5,0,DD,Indian,2013,Bowler
68,ShahbazNadeem,94.0,11,8,66,0,0,0,0,DD,Indian,2014,Bowler
112,ShahbazNadeem,28.5,4,0,21,0,0,3,0,DD,Indian,2015,Bowler
112,ShahbazNadeem,38.0,4,2,31,0,0,0,0,DD,Indian,2016,Bowler
85,ShahbazNadeem,73.0,7,6,47,0,0,2,0,DC,Indian,2017,Bowler
111,ShahbazNadeem,34.0,6,3,21,0,0,1,0,DD,Indian,2018,Bowler
131,ShahbazNadeem,17.0,3,2,10,0,0,0,0,SRH,Indian,2019,Bowler
118,RyantenDoeschate,45.0,6,0,0,9,5,2,0,KKR,Overseas,2011,Batsman
153,RyantenDoeschate,14.0,3,1,2,1,1,1,0,KKR,Overseas,2012,Batsman
121,RyantenDoeschate,36.0,4,0,4,9,2,1,0,KKR,Overseas,2013,Batsman
101,RyantenDoeschate,45.5,10,1,13,3,4,3,0,KKR,Overseas,2014,Batsman
116,RyantenDoeschate,26.0,6,0,3,4,3,1,0,KKR,Overseas,2015,Batsman
119,BhuvneshwarKumar,43.5,4,3,28,0,0,2,0,PWI,Indian,2011,Bowler
59,BhuvneshwarKumar,124.0,11,8,86,4,0,0,0,PWI,Indian,2012,Bowler
17,BhuvneshwarKumar,228.5,16,13,167,3,1,2,0,PWI,Indian,2013,Bowler
8,BhuvneshwarKumar,227.0,14,20,152,0,0,2,0,SRH,Indian,2014,Bowler
15,BhuvneshwarKumar,210.0,14,18,126,2,1,5,0,SRH,Indian,2015,Bowler
5,BhuvneshwarKumar,270.0,17,23,156,6,1,6,0,SRH,Indian,2016,Bowler
7,BhuvneshwarKumar,218.0,14,26,117,0,0,4,0,SRH,Indian,2017,Bowler
38,BhuvneshwarKumar,163.0,12,9,124,1,0,2,0,SRH,Indian,2018,Bowler
12,BhuvneshwarKumar,226.0,15,13,168,1,0,4,0,SRH,Indian,2019,Bowler
124,VarunAaron,38.0,4,2,31,0,0,0,0,DD,Indian,2011,Bowler
81,VarunAaron,103.5,8,8,73,0,0,1,0,DD,Indian,2012,Bowler
35,VarunAaron,154.5,10,16,90,2,1,0,0,RCB,Indian,2014,Bowler
91,VarunAaron,60.5,6,3,44,0,1,1,0,RCB,Indian,2015,Bowler
88,VarunAaron,55.0,8,2,48,0,0,0,0,RCB,Indian,2016,Bowler
83,VarunAaron,75.5,6,7,51,0,0,0,0,KXIP,Indian,2017,Bowler
103,VarunAaron,44.5,5,4,28,0,0,1,0,RR,Indian,2019,Bowler
152,MandeepSingh,16.0,6,0,0,4,1,1,0,KXIP,Indian,2011,Batsman
29,MandeepSingh,180.0,16,1,7,53,7,5,0,KXIP,Indian,2012,Batsman
77,MandeepSingh,105.0,16,0,0,36,0,6,0,KXIP,Indian,2013,Batsman
143,MandeepSingh,7.5,3,0,0,2,0,1,0,KXIP,Indian,2014,Batsman
80,MandeepSingh,81.0,14,0,0,17,6,7,0,RCB,Indian,2015,Batsman
155,MandeepSingh,2.5,1,0,0,0,0,1,0,RCB,Indian,2016,Batsman
81,MandeepSingh,81.5,11,0,0,21,4,6,0,RCB,Indian,2017,Batsman
70,MandeepSingh,88.5,14,0,0,16,11,4,0,RCB,Indian,2018,Batsman
92,MandeepSingh,50.0,13,0,1,10,4,4,0,KXIP,Indian,2019,Batsman
163,JamesFaulkner,10.5,1,1,7,0,0,0,0,PWI,Overseas,2011,All Rounder
142,JamesFaulkner,27.0,2,3,14,0,0,1,0,KXIP,Overseas,2012,All Rounder
10,JamesFaulkner,286.0,16,28,161,5,2,3,0,RR,Overseas,2013,All Rounder
22,JamesFaulkner,191.5,13,11,72,8,16,2,0,RR,Overseas,2014,All Rounder
33,JamesFaulkner,173.5,13,8,88,12,5,4,0,RR,Overseas,2015,All Rounder
91,JamesFaulkner,53.0,7,2,21,7,0,3,0,GL,Overseas,2016,All Rounder
86,JamesFaulkner,72.5,8,6,34,4,0,3,0,GL,Overseas,2017,All Rounder
165,IshankJaggi,10.0,2,0,0,3,0,1,0,DC,Indian,2011,Batsman
172,IshankJaggi,2.5,3,0,0,0,0,1,0,DC,Indian,2012,Batsman
146,IshankJaggi,7.5,2,0,0,3,0,0,0,KKR,Indian,2017,Batsman
193,UnmuktChand,0.0,2,0,0,0,0,0,0,DD,Indian,2011,Batsman
149,UnmuktChand,18.0,2,0,0,2,3,1,0,DD,Indian,2012,Batsman
95,UnmuktChand,66.5,9,0,0,17,4,4,0,DD,Indian,2013,Batsman
150,UnmuktChand,0.0,1,0,0,0,0,0,0,RR,Indian,2014,Batsman
97,UnmuktChand,47.0,6,0,0,13,2,3,0,MI,Indian,2015,Batsman
157,UnmuktChand,0.0,1,0,0,0,0,0,0,MI,Indian,2016,Batsman
5,SunilNarine,255.5,15,24,164,2,0,1,0,KKR,Overseas,2012,All Rounder
11,SunilNarine,279.0,16,22,180,0,2,6,0,KKR,Overseas,2013,All Rounder
7,SunilNarine,235.5,16,21,157,0,0,2,0,KKR,Overseas,2014,All Rounder
65,SunilNarine,101.0,8,7,74,0,0,1,0,KKR,Overseas,2015,All Rounder
36,SunilNarine,153.5,11,11,110,0,0,2,0,KKR,Overseas,2016,All Rounder
1,SunilNarine,298.0,16,10,133,34,10,4,0,KKR,Overseas,2017,All Rounder
1,SunilNarine,379.5,16,17,137,40,23,1,0,KKR,Overseas,2018,All Rounder
19,SunilNarine,205.0,12,10,96,17,9,0,0,KKR,Overseas,2019,All Rounder
12,AzharMahmood,229.5,11,14,95,16,8,7,0,KXIP,Overseas,2012,All Rounder
20,AzharMahmood,226.5,11,15,99,22,5,1,0,KXIP,Overseas,2013,All Rounder
132,AzharMahmood,7.5,1,0,5,1,0,0,0,KKR,Overseas,2015,All Rounder
42,FafduPlessis,142.0,13,0,0,29,17,4,0,CSK,Overseas,2012,Batsman
52,FafduPlessis,122.0,15,0,0,26,7,13,0,CSK,Overseas,2014,Batsman
49,FafduPlessis,130.0,17,0,0,37,5,8,0,CSK,Overseas,2015,Batsman
67,FafduPlessis,84.0,6,0,0,17,9,4,0,RPS,Overseas,2016,Batsman
158,FafduPlessis,2.5,2,0,0,1,0,0,0,RPS,Overseas,2017,Batsman
87,FafduPlessis,66.0,6,0,0,17,6,1,0,CSK,Overseas,2018,Batsman
38,FafduPlessis,172.5,12,0,0,36,15,12,0,CSK,Overseas,2019,Batsman
53,SteveSmith,134.0,15,0,0,24,14,10,0,PWI,Overseas,2012,Batsman
98,SteveSmith,61.5,7,0,0,15,4,4,0,PWI,Overseas,2013,Batsman
84,SteveSmith,69.0,10,0,0,13,4,9,0,RR,Overseas,2014,Batsman
59,SteveSmith,110.5,14,0,0,33,3,7,0,RR,Overseas,2015,Batsman
58,SteveSmith,100.5,8,0,0,27,8,2,0,RPS,Overseas,2016,Batsman
32,SteveSmith,154.5,15,0,0,38,12,7,0,RPS,Overseas,2017,Batsman
71,SteveSmith,96.5,12,0,0,30,4,3,0,RR,Overseas,2019,Batsman
54,HarshalPatel,132.0,12,9,78,1,0,8,0,RCB,Indian,2012,Bowler
105,HarshalPatel,42.0,3,4,22,1,1,0,0,RCB,Indian,2014,Bowler
34,HarshalPatel,172.0,15,17,103,0,2,1,0,RCB,Indian,2015,Bowler
113,HarshalPatel,36.5,5,1,28,0,0,2,0,RCB,Indian,2016,Bowler
127,HarshalPatel,18.5,1,3,8,0,0,0,0,RCB,Indian,2017,Bowler
72,HarshalPatel,84.0,5,7,36,1,6,0,0,DD,Indian,2018,Bowler
123,HarshalPatel,22.0,2,2,15,0,0,0,0,DC,Indian,2019,Bowler
56,MarlonSamuels,129.0,8,8,66,7,5,0,0,PWI,Overseas,2012,Batsman
148,MarlonSamuels,16.5,2,1,8,1,0,1,0,PWI,Overseas,2013,Batsman
129,MarlonSamuels,17.0,5,0,5,1,2,1,0,DC,Overseas,2017,Batsman
69,BradHogg,113.0,9,10,73,1,0,1,0,RR,Overseas,2012,Bowler
185,BradHogg,5.0,1,0,5,0,0,0,0,RR,Overseas,2013,Bowler
79,BradHogg,81.5,6,9,50,0,0,0,0,KKR,Overseas,2015,Bowler
92,BradHogg,52.5,5,4,31,0,0,3,0,KKR,Overseas,2016,Bowler
86,AshishReddy,98.0,9,10,52,3,1,0,0,DC,Indian,2012,Bowler
89,AshishReddy,75.5,12,3,10,8,5,7,0,SRH,Indian,2013,Bowler
99,AshishReddy,47.0,6,3,9,3,5,1,0,SRH,Indian,2015,Bowler
120,AshishReddy,30.0,4,1,5,2,4,1,0,SRH,Indian,2016,Bowler
90,PawanNegi,92.0,8,7,49,4,1,2,0,DD,Indian,2012,All Rounder
188,PawanNegi,3.0,1,0,3,0,0,0,0,DD,Indian,2013,All Rounder
140,PawanNegi,10.5,2,0,8,0,0,1,0,CSK,Indian,2014,All Rounder
52,PawanNegi,126.5,10,6,53,10,5,4,0,CSK,Indian,2015,All Rounder
114,PawanNegi,35.0,8,1,11,2,3,2,0,DD,Indian,2016,All Rounder
13,PawanNegi,193.0,12,16,80,10,7,3,0,RCB,Indian,2017,All Rounder
133,PawanNegi,12.5,2,1,9,0,0,0,0,RCB,Indian,2018,All Rounder
101,PawanNegi,45.5,7,3,25,1,0,3,0,RCB,Indian,2019,All Rounder
96,AnkitSharma,83.0,9,4,62,0,2,0,0,DC,Indian,2012,Bowler
176,AnkitSharma,7.5,1,0,5,0,0,1,0,SRH,Indian,2013,Bowler
98,AnkitSharma,49.5,3,4,22,4,1,0,0,RR,Indian,2014,Bowler
98,AnkitSharma,47.0,4,3,29,1,0,2,0,RR,Indian,2015,Bowler
125,AnkitSharma,23.0,3,1,17,0,0,1,0,RPS,Indian,2016,Bowler
144,AnkitSharma,9.5,1,0,1,2,1,0,0,RPS,Indian,2017,Bowler
147,AnkitSharma,1.0,1,0,1,0,0,0,0,RR,Indian,2018,Bowler
123,AndreRussell,49.5,4,1,28,3,3,0,0,DD,Overseas,2012,All Rounder
163,AndreRussell,12.5,3,0,10,0,0,1,0,DD,Overseas,2013,All Rounder
142,AndreRussell,9.5,2,1,6,0,0,0,0,KKR,Overseas,2014,All Rounder
1,AndreRussell,312.0,13,14,94,35,19,6,0,KKR,Overseas,2015,All Rounder
8,AndreRussell,225.0,12,15,90,10,15,2,0,KKR,Overseas,2016,All Rounder
5,AndreRussell,292.5,16,13,76,17,31,8,0,KKR,Overseas,2018,All Rounder
1,AndreRussell,369.0,14,11,61,31,52,4,0,KKR,Overseas,2019,All Rounder
128,GurkeeratMannSingh,42.0,5,0,0,12,2,2,0,KXIP,Indian,2012,Batsman
108,GurkeeratMannSingh,48.0,11,0,0,10,3,4,1,KXIP,Indian,2013,Batsman
100,GurkeeratMannSingh,43.0,5,3,19,3,1,1,0,KXIP,Indian,2015,Batsman
82,GurkeeratMannSingh,64.5,7,2,7,11,3,5,0,KXIP,Indian,2016,Batsman
159,GurkeeratMannSingh,0.0,2,0,0,0,0,0,0,KXIP,Indian,2017,Batsman
112,GurkeeratMannSingh,37.0,3,0,0,11,2,1,0,RCB,Indian,2019,Batsman
135,DavidMiller,31.5,6,0,0,6,4,1,0,KXIP,Overseas,2012,Batsman
39,DavidMiller,174.0,12,0,0,28,24,8,0,KXIP,Overseas,2013,Batsman
21,DavidMiller,193.5,16,0,0,34,21,14,0,KXIP,Overseas,2014,Batsman
43,DavidMiller,143.5,13,0,0,21,21,7,0,KXIP,Overseas,2015,Batsman
78,DavidMiller,66.5,14,0,0,11,4,10,0,KXIP,Overseas,2016,Batsman
118,DavidMiller,29.0,5,0,0,4,4,2,0,KXIP,Overseas,2017,Batsman
132,DavidMiller,14.5,3,0,0,3,2,0,0,KXIP,Overseas,2018,Batsman
74,DavidMiller,89.5,10,0,0,19,7,7,0,KXIP,Overseas,2019,Batsman
141,MarchantdeLange,27.5,3,3,17,0,0,0,0,KKR,Overseas,2012,Bowler
133,MarchantdeLange,14.0,1,2,7,0,0,0,0,MI,Overseas,2014,Bowler
123,MarchantdeLange,15.0,1,0,15,0,0,0,0,MI,Overseas,2015,Bowler
161,GlennMaxwell,9.5,2,1,6,0,0,0,0,DD,Overseas,2012,All Rounder
144,GlennMaxwell,21.0,3,0,2,1,4,1,0,MI,Overseas,2013,All Rounder
1,GlennMaxwell,286.0,16,1,14,48,36,9,0,KXIP,Overseas,2014,All Rounder
73,GlennMaxwell,91.5,11,2,19,13,8,2,0,KXIP,Overseas,2015,All Rounder
66,GlennMaxwell,86.5,11,0,16,14,8,3,0,KXIP,Overseas,2016,All Rounder
5,GlennMaxwell,218.5,14,7,38,19,26,7,0,KXIP,Overseas,2017,All Rounder
52,GlennMaxwell,126.0,12,5,32,14,9,4,0,DD,Overseas,2018,All Rounder
166,ChrisLynn,5.0,1,0,0,1,0,1,0,DC,Overseas,2012,Batsman
119,ChrisLynn,28.0,2,0,0,5,3,2,0,KKR,Overseas,2014,Batsman
147,ChrisLynn,6.0,2,0,0,0,1,1,0,KKR,Overseas,2016,Batsman
41,ChrisLynn,134.0,7,0,0,25,19,2,0,KKR,Overseas,2017,Batsman
21,ChrisLynn,210.5,16,0,0,56,18,3,0,KKR,Overseas,2018,Batsman
30,ChrisLynn,182.0,13,0,0,41,22,1,0,KKR,Overseas,2019,Batsman
186,SuryakumarYadav,0.0,1,0,0,0,0,0,0,MI,Indian,2012,Wicket keeper
77,SuryakumarYadav,77.0,16,0,2,16,5,7,0,KKR,Indian,2014,Wicket keeper
83,SuryakumarYadav,75.5,13,0,0,12,8,7,0,KKR,Indian,2015,Wicket keeper
68,SuryakumarYadav,80.0,15,0,0,19,5,6,0,KKR,Indian,2016,Wicket keeper
108,SuryakumarYadav,43.0,10,0,0,8,3,5,0,KKR,Indian,2017,Wicket keeper
12,SuryakumarYadav,228.5,14,0,0,61,16,8,0,MI,Indian,2018,Wicket keeper
40,SuryakumarYadav,170.0,16,0,0,45,10,9,0,MI,Indian,2019,Wicket keeper
6,MitchellJohnson,301.5,17,24,188,2,2,7,0,MI,Overseas,2013,Bowler
9,MitchellJohnson,225.0,14,17,135,4,3,4,0,KXIP,Overseas,2014,Bowler
51,MitchellJohnson,127.5,9,9,90,1,1,0,0,KXIP,Overseas,2015,Bowler
119,MitchellJohnson,30.5,3,2,21,0,0,1,0,KXIP,Overseas,2016,Bowler
75,MitchellJohnson,88.0,5,7,55,1,1,1,0,MI,Overseas,2017,Bowler
92,MitchellJohnson,63.0,6,2,46,2,0,2,0,KKR,Overseas,2018,Bowler
16,MohitSharma,236.0,15,20,161,0,0,2,0,CSK,Indian,2013,Bowler
15,MohitSharma,206.0,16,23,118,0,0,3,0,CSK,Indian,2014,Bowler
19,MohitSharma,192.0,16,14,121,1,2,5,0,CSK,Indian,2015,Bowler
28,MohitSharma,161.0,14,13,97,3,1,3,0,KXIP,Indian,2016,Bowler
33,MohitSharma,151.0,14,13,87,3,1,3,0,KXIP,Indian,2017,Bowler
76,MohitSharma,82.0,9,7,50,1,0,2,0,KXIP,Indian,2018,Bowler
136,MohitSharma,11.5,1,1,8,0,0,0,0,CSK,Indian,2019,Bowler
37,ChrisMorris,178.0,16,15,113,0,0,5,0,CSK,Overseas,2013,All Rounder
21,ChrisMorris,191.0,11,13,113,3,5,3,0,RR,Overseas,2015,All Rounder
6,ChrisMorris,247.0,12,13,102,15,12,8,0,DD,Overseas,2016,All Rounder
17,ChrisMorris,184.0,9,12,71,15,6,5,0,DC,Overseas,2017,All Rounder
94,ChrisMorris,61.0,4,3,31,3,2,2,0,DD,Overseas,2018,All Rounder
52,ChrisMorris,133.0,9,13,68,1,2,4,0,DC,Overseas,2019,All Rounder
47,KarnSharma,158.5,13,11,88,6,2,4,0,SRH,Indian,2013,Bowler
24,KarnSharma,179.5,14,15,114,1,3,0,0,SRH,Indian,2014,Bowler
46,KarnSharma,138.5,14,10,65,3,6,4,0,SRH,Indian,2015,Bowler
121,KarnSharma,30.0,5,0,19,3,1,0,0,SRH,Indian,2016,Bowler
35,KarnSharma,147.5,9,13,75,5,2,3,0,MI,Indian,2017,Bowler
109,KarnSharma,37.5,6,4,16,0,0,3,0,CSK,Indian,2018,Bowler
145,KarnSharma,7.5,1,1,4,0,0,0,0,CSK,Indian,2019,Bowler
54,DarrenSammy,148.0,10,8,50,11,10,3,0,SRH,Overseas,2013,All Rounder
76,DarrenSammy,81.0,10,3,20,4,8,5,0,SRH,Overseas,2014,All Rounder
142,DarrenSammy,4.5,2,0,2,0,0,1,0,RCB,Overseas,2015,All Rounder
81,SanjuSamson,97.5,11,0,0,19,5,13,0,RR,Indian,2013,Wicket Keeper
41,SanjuSamson,139.5,13,0,0,25,17,5,2,RR,Indian,2014,Wicket Keeper
74,SanjuSamson,90.5,14,0,0,16,8,9,0,RR,Indian,2015,Wicket Keeper
64,SanjuSamson,88.0,14,0,0,20,8,3,1,DD,Indian,2016,Wicket Keeper
30,SanjuSamson,156.5,14,0,0,32,19,4,0,DC,Indian,2017,Wicket Keeper
45,SanjuSamson,154.0,15,0,0,30,19,5,0,RR,Indian,2018,Wicket Keeper
57,SanjuSamson,128.0,12,0,0,28,13,4,1,RR,Indian,2019,Wicket Keeper
88,HanumaVihari,76.5,17,1,17,17,1,4,0,SRH,Indian,2013,Batsman
119,HanumaVihari,20.0,5,0,0,6,0,2,0,SRH,Indian,2015,Batsman
156,HanumaVihari,0.0,2,0,0,0,0,0,0,DC,Indian,2019,Batsman
92,MananVohra,69.5,12,0,0,22,2,3,0,KXIP,Indian,2013,Batsman
46,MananVohra,131.0,8,0,0,27,16,3,0,KXIP,Indian,2014,Batsman
108,MananVohra,32.5,7,0,0,4,5,2,0,KXIP,Indian,2015,Batsman
80,MananVohra,65.5,7,0,0,19,3,3,0,KXIP,Indian,2016,Batsman
72,MananVohra,94.0,11,0,0,23,9,2,0,KXIP,Indian,2017,Batsman
130,MananVohra,19.0,4,0,0,2,4,0,0,RCB,Indian,2018,Batsman
93,SandeepSharma,69.0,4,8,41,0,0,0,0,KXIP,Indian,2013,Bowler
26,SandeepSharma,174.5,11,18,109,0,0,1,0,KXIP,Indian,2014,Bowler
17,SandeepSharma,195.0,14,13,142,1,0,2,0,KXIP,Indian,2015,Bowler
15,SandeepSharma,184.5,14,15,127,0,0,2,0,KXIP,Indian,2016,Bowler
19,SandeepSharma,182.0,13,17,115,0,0,3,0,KXIP,Indian,2017,Bowler
39,SandeepSharma,163.0,12,12,116,0,0,2,0,SRH,Indian,2018,Bowler
56,SandeepSharma,129.0,11,12,82,1,0,1,0,SRH,Indian,2019,Bowler
97,JasonHolder,61.5,6,2,47,0,0,3,0,CSK,Overseas,2013,All Rounder
124,JasonHolder,23.0,1,1,6,2,1,2,0,SRH,Overseas,2014,All Rounder
104,JasonHolder,42.5,4,2,27,2,1,0,0,KKR,Overseas,2016,All Rounder
99,SiddarthKaul,60.5,6,4,44,0,0,1,0,DD,Indian,2013,Bowler
117,SiddarthKaul,31.0,5,2,24,0,0,0,0,DD,Indian,2014,Bowler
50,SiddarthKaul,128.5,10,16,65,0,0,3,0,SRH,Indian,2017,Bowler
22,SiddarthKaul,209.5,17,21,131,0,0,2,0,SRH,Indian,2018,Bowler
77,SiddarthKaul,79.5,7,6,56,0,0,1,0,SRH,Indian,2019,Bowler
103,RishiDhawan,56.0,6,2,34,3,0,3,0,MI,Indian,2013,All Rounder
32,RishiDhawan,161.5,13,13,85,8,1,3,0,KXIP,Indian,2014,All Rounder
104,RishiDhawan,35.5,5,1,20,2,2,0,0,KXIP,Indian,2015,All Rounder
127,RishiDhawan,22.5,2,2,12,0,1,0,0,KXIP,Indian,2016,All Rounder
112,KaneRichardson,43.5,3,2,28,2,1,0,0,PWI,Overseas,2013,Bowler
66,KaneRichardson,101.0,7,9,62,0,0,3,0,RR,Overseas,2014,Bowler
85,KaneRichardson,63.5,4,7,34,0,0,2,0,RCB,Overseas,2016,Bowler
139,JaspritBumrah,26.5,2,3,16,0,0,0,0,MI,Indian,2013,Bowler
60,JaspritBumrah,109.5,11,5,92,0,0,0,0,MI,Indian,2014,Bowler
105,JaspritBumrah,34.5,4,3,24,0,0,0,0,MI,Indian,2015,Bowler
26,JaspritBumrah,165.5,14,15,108,1,0,1,0,MI,Indian,2016,Bowler
9,JaspritBumrah,200.5,16,20,122,0,1,2,0,MI,Indian,2017,Bowler
24,JaspritBumrah,205.0,14,17,133,1,0,4,0,MI,Indian,2018,Bowler
8,JaspritBumrah,240.5,16,19,169,0,0,2,0,MI,Indian,2019,Bowler
141,MohammedShami,24.5,3,1,21,0,0,0,0,KKR,Indian,2013,Bowler
50,MohammedShami,126.5,12,7,102,0,0,0,0,DD,Indian,2014,Bowler
86,MohammedShami,59.0,8,5,39,0,0,1,0,DD,Indian,2016,Bowler
74,MohammedShami,89.5,8,5,55,4,2,0,0,DC,Indian,2017,Bowler
104,MohammedShami,46.0,4,3,28,1,0,2,0,DD,Indian,2018,Bowler
21,MohammedShami,198.0,14,19,119,0,0,5,0,KXIP,Indian,2019,Bowler
142,PravinTambe,23.5,3,1,20,0,0,0,0,RR,Indian,2013,Bowler
39,PravinTambe,146.5,13,15,89,0,0,2,0,RR,Indian,2014,Bowler
71,PravinTambe,96.0,10,7,69,0,0,1,0,RR,Indian,2015,Bowler
99,PravinTambe,48.5,7,5,26,1,0,1,0,GL,Indian,2016,Bowler
145,NathanCoulter-Nile,20.5,1,1,11,0,1,1,0,MI,Overseas,2013,Bowler
127,NathanCoulter-Nile,19.0,2,2,12,0,0,0,0,DD,Overseas,2014,Bowler
23,NathanCoulter-Nile,190.5,11,15,117,2,1,5,0,DD,Overseas,2015,Bowler
95,NathanCoulter-Nile,50.0,4,3,37,1,0,0,0,DD,Overseas,2016,Bowler
39,NathanCoulter-Nile,134.5,8,15,70,0,2,2,0,KKR,Overseas,2017,Bowler
154,ParveezRasool,15.5,2,1,12,0,0,0,0,PWI,Indian,2013,Bowler
126,ParveezRasool,20.0,3,1,14,0,0,1,0,SRH,Indian,2014,Bowler
122,ParveezRasool,15.5,2,1,12,0,0,0,0,SRH,Indian,2015,Bowler
116,ParveezRasool,33.0,4,1,22,1,0,2,0,RCB,Indian,2016,Bowler
157,LokeshRahul,15.0,5,0,0,4,0,2,0,RCB,Indian,2013,Wicket-Keeper
96,LokeshRahul,50.5,11,0,0,12,3,4,0,SRH,Indian,2014,Wicket-Keeper
102,LokeshRahul,40.0,9,0,0,8,5,1,0,SRH,Indian,2015,Wicket-Keeper
23,LokeshRahul,171.0,14,0,0,37,16,5,4,RCB,Indian,2016,Wicket-Keeper
4,LokeshRahul,304.5,14,0,0,66,32,10,1,KXIP,Indian,2018,Wicket-Keeper
160,CMGautam,13.5,3,0,0,4,1,0,0,DD,Indian,2013,Wicket Keeper
87,CMGautam,65.0,9,0,0,13,5,3,3,MI,Indian,2014,Wicket Keeper
143,CMGautam,2.5,1,0,0,0,0,0,1,DD,Indian,2015,Wicket Keeper
166,QuintondeKock,12.5,3,0,0,1,0,3,1,SRH,Overseas,2013,Wicket Keeper
86,QuintondeKock,66.5,7,0,0,19,4,2,0,DD,Overseas,2014,Wicket Keeper
92,QuintondeKock,59.0,3,0,0,18,4,0,0,DD,Overseas,2015,Wicket Keeper
14,QuintondeKock,185.5,13,0,0,52,13,2,2,DD,Overseas,2016,Wicket Keeper
62,QuintondeKock,103.0,8,0,0,20,8,7,3,RCB,Overseas,2018,Wicket Keeper
5,QuintondeKock,247.5,16,0,0,45,25,17,2,MI,Overseas,2019,Wicket Keeper
167,AnkitRajpoot,11.5,2,1,8,0,0,0,0,CSK,Indian,2013,Bowler
123,AnkitRajpoot,28.5,4,3,18,0,0,0,0,KKR,Indian,2016,Bowler
105,AnkitRajpoot,46.0,5,4,27,1,0,1,0,KKR,Indian,2017,Bowler
53,AnkitRajpoot,126.0,8,11,80,1,0,2,0,KXIP,Indian,2018,Bowler
96,AnkitRajpoot,48.0,4,3,35,0,0,1,0,KXIP,Indian,2019,Bowler
172,YuzvendraChahal,8.0,1,0,8,0,0,0,0,MI,Indian,2013,Bowler
30,YuzvendraChahal,164.5,14,12,115,0,0,3,0,RCB,Indian,2014,Bowler
31,YuzvendraChahal,180.5,15,23,90,0,0,4,0,RCB,Indian,2015,Bowler
18,YuzvendraChahal,183.5,13,21,100,0,0,4,0,RCB,Indian,2016,Bowler
34,YuzvendraChahal,148.5,13,14,92,0,0,3,0,RCB,Indian,2017,Bowler
30,YuzvendraChahal,175.0,14,12,128,0,0,2,0,RCB,Indian,2018,Bowler
24,YuzvendraChahal,187.5,14,18,117,0,0,3,0,RCB,Indian,2019,Bowler
178,SamuelBadree,7.0,1,0,7,0,0,0,0,RR,Overseas,2013,Bowler
99,SamuelBadree,47.0,4,2,40,0,0,0,0,CSK,Overseas,2014,Bowler
69,SamuelBadree,98.5,7,9,62,0,0,2,0,RCB,Overseas,2017,Bowler
187,SachinBaby,5.0,4,0,0,0,0,2,0,RR,Indian,2013,Batsman
89,SachinBaby,54.5,11,2,5,9,5,1,0,RCB,Indian,2016,Batsman
142,SachinBaby,10.0,3,0,0,2,0,2,0,RCB,Indian,2017,Batsman
196,KarunNair,0.0,2,0,0,0,0,0,0,RCB,Indian,2013,Batsman
43,KarunNair,136.5,11,0,0,38,9,4,0,RR,Indian,2014,Batsman
85,KarunNair,70.0,14,0,0,18,5,3,0,RR,Indian,2015,Batsman
45,KarunNair,128.5,14,0,0,40,6,3,0,DD,Indian,2016,Batsman
57,KarunNair,123.5,14,0,0,39,6,2,0,DC,Indian,2017,Batsman
54,KarunNair,125.5,13,0,0,23,13,9,0,KXIP,Indian,2018,Batsman
157,KarunNair,0.0,1,0,0,0,0,0,0,KXIP,Indian,2019,Batsman
5,AxarPatel,252.5,17,17,157,6,1,7,0,KXIP,Indian,2014,All Rounder
16,AxarPatel,206.5,14,13,83,13,8,7,0,KXIP,Indian,2015,All Rounder
19,AxarPatel,179.5,14,13,91,4,8,2,0,KXIP,Indian,2016,All Rounder
6,AxarPatel,218.0,14,15,82,11,11,7,0,KXIP,Indian,2017,All Rounder
78,AxarPatel,78.0,9,3,41,3,4,2,0,KXIP,Indian,2018,All Rounder
20,AxarPatel,203.0,14,10,110,10,3,9,0,DC,Indian,2019,All Rounder
27,LendlSimmons,167.0,8,1,2,43,14,2,0,MI,Overseas,2014,Batsman
9,LendlSimmons,228.5,13,0,0,56,21,6,0,MI,Overseas,2015,Batsman
152,LendlSimmons,3.5,1,0,0,0,1,0,0,MI,Overseas,2016,Batsman
97,LendlSimmons,58.0,7,0,0,10,8,2,0,MI,Overseas,2017,Batsman
28,CoreyAnderson,166.5,12,4,35,21,15,5,0,MI,Overseas,2014,All Rounder
87,CoreyAnderson,64.5,4,1,10,11,6,1,0,MI,Overseas,2015,All Rounder
71,CoreyAnderson,94.5,11,3,20,8,9,5,0,DC,Overseas,2017,All Rounder
116,CoreyAnderson,30.0,3,3,16,0,1,0,0,RCB,Overseas,2018,All Rounder
79,ImranTahir,74.5,6,9,38,2,0,0,0,DD,Overseas,2014,Bowler
53,ImranTahir,124.0,10,15,64,0,0,3,0,DD,Overseas,2015,Bowler
103,ImranTahir,45.0,4,5,25,1,0,0,0,DD,Overseas,2016,Bowler
27,ImranTahir,162.0,12,18,94,0,0,2,0,RPS,Overseas,2017,Bowler
88,ImranTahir,66.0,6,6,40,0,0,2,0,CSK,Overseas,2018,Bowler
4,ImranTahir,255.0,17,26,149,0,0,6,0,CSK,Overseas,2019,Bowler
92,ShreyasGopal,56.0,4,6,30,1,0,1,0,MI,Indian,2014,Bowler
139,ShreyasGopal,5.5,1,1,2,0,0,0,0,MI,Indian,2015,Bowler
151,ShreyasGopal,4.0,1,0,4,0,0,0,0,MI,Indian,2016,Bowler
51,ShreyasGopal,126.5,11,11,68,5,0,3,0,RR,Indian,2018,Bowler
15,ShreyasGopal,213.0,14,20,107,8,1,5,0,RR,Indian,2019,Bowler
115,RahulTewatia,31.5,3,2,21,0,1,0,0,RR,Indian,2014,All Rounder
131,RahulTewatia,9.5,1,1,6,0,0,0,0,RR,Indian,2015,All Rounder
107,RahulTewatia,43.5,3,3,23,4,0,0,0,KXIP,Indian,2017,All Rounder
74,RahulTewatia,83.0,8,6,41,5,1,2,0,DD,Indian,2018,All Rounder
94,RahulTewatia,49.5,5,2,19,2,1,6,0,DC,Indian,2019,All Rounder
130,BenCutting,18.5,1,1,9,0,1,1,0,RR,Overseas,2014,All Rounder
74,BenCutting,74.0,4,5,23,4,6,1,0,SRH,Overseas,2016,All Rounder
103,BenCutting,49.0,4,1,20,5,3,1,0,SRH,Overseas,2017,All Rounder
68,BenCutting,89.0,9,2,24,5,8,7,0,MI,Overseas,2018,All Rounder
139,BenCutting,11.5,3,1,2,1,1,0,0,MI,Overseas,2019,All Rounder
132,PatCummins,15.5,1,1,12,0,0,0,0,KKR,Overseas,2014,Bowler
114,PatCummins,28.0,3,1,22,0,0,1,0,KKR,Overseas,2015,Bowler
26,PatCummins,165.5,12,15,84,5,4,1,0,DC,Overseas,2017,Bowler
149,VijayShankar,1.0,1,0,1,0,0,0,0,CSK,Indian,2014,All Rounder
112,VijayShankar,36.0,4,0,0,12,1,1,0,SRH,Indian,2017,All Rounder
66,VijayShankar,92.5,13,1,8,11,11,6,0,DD,Indian,2018,All Rounder
64,VijayShankar,112.0,15,1,14,11,12,10,0,SRH,Indian,2019,All Rounder
25,MitchellMcClenaghan,188.0,12,18,118,0,2,0,0,MI,Overseas,2015,Bowler
10,MitchellMcClenaghan,203.0,14,17,128,2,3,0,0,MI,Overseas,2016,Bowler
15,MitchellMcClenaghan,191.5,14,19,119,0,1,1,0,MI,Overseas,2017,Bowler
43,MitchellMcClenaghan,158.0,11,14,103,1,1,0,0,MI,Overseas,2018,Bowler
88,MitchellMcClenaghan,60.5,5,3,45,2,0,0,0,MI,Overseas,2019,Bowler
30,ShreyasIyer,181.0,14,0,0,41,21,2,0,DD,Indian,2015,Batsman
130,ShreyasIyer,18.5,6,0,0,2,1,4,0,DD,Indian,2016,Batsman
45,ShreyasIyer,132.5,12,0,0,36,10,3,0,DC,Indian,2017,Batsman
42,ShreyasIyer,158.5,14,0,0,29,21,5,0,DD,Indian,2018,Batsman
39,ShreyasIyer,171.5,16,0,0,41,14,8,0,DC,Indian,2019,Batsman
62,TrentBoult,107.5,7,9,71,0,0,2,0,SRH,Overseas,2015,Bowler
134,TrentBoult,17.0,1,1,11,0,0,1,0,SRH,Overseas,2016,Bowler
87,TrentBoult,70.5,6,5,53,0,0,0,0,KKR,Overseas,2017,Bowler
25,TrentBoult,203.5,14,18,118,0,0,9,0,DD,Overseas,2018,Bowler
83,TrentBoult,70.0,5,5,44,0,1,2,0,DC,Overseas,2019,Bowler
68,HardikPandya,98.0,9,1,29,9,8,6,0,MI,Indian,2015,All Rounder
83,HardikPandya,64.5,11,3,29,4,0,6,0,MI,Indian,2016,All Rounder
12,HardikPandya,193.5,17,6,45,11,20,12,0,MI,Indian,2017,All Rounder
8,HardikPandya,269.5,13,18,98,20,11,8,0,MI,Indian,2018,All Rounder
2,HardikPandya,342.0,16,14,94,28,29,11,0,MI,Indian,2019,All Rounder
77,DeepakHooda,84.5,14,1,25,6,11,1,0,RR,Indian,2015,Batsman
72,DeepakHooda,79.0,17,3,21,9,5,3,0,SRH,Indian,2016,Batsman
98,DeepakHooda,53.0,10,2,7,5,4,5,0,SRH,Indian,2017,Batsman
117,DeepakHooda,29.0,9,0,6,2,3,3,0,SRH,Indian,2018,Batsman
102,DeepakHooda,45.5,11,1,1,5,1,10,0,SRH,Indian,2019,Batsman
103,SarfarazKhan,37.0,13,0,0,12,2,0,0,RCB,Indian,2015,Batsman
118,SarfarazKhan,31.5,5,0,0,7,4,0,0,RCB,Indian,2016,Batsman
122,SarfarazKhan,26.0,7,0,0,7,1,2,0,RCB,Indian,2018,Batsman
87,SarfarazKhan,61.5,8,0,0,19,4,0,0,KXIP,Indian,2019,Batsman
109,JayantYadav,30.5,3,2,21,0,0,1,0,DD,Indian,2015,Bowler
101,JayantYadav,47.5,5,2,38,0,0,1,0,DD,Indian,2016,Bowler
135,JayantYadav,13.0,2,0,13,0,0,0,0,DC,Indian,2017,Bowler
120,JayantYadav,25.5,2,1,17,0,0,2,0,MI,Indian,2019,Bowler
126,ShardulThakur,11.0,1,1,5,1,0,0,0,KXIP,Indian,2015,Bowler
44,ShardulThakur,133.5,12,11,85,0,0,4,0,RPS,Indian,2017,Bowler
27,ShardulThakur,186.5,13,16,113,3,0,4,0,CSK,Indian,2018,Bowler
65,ShardulThakur,111.5,10,8,65,1,1,5,0,CSK,Indian,2019,Bowler
128,KaneWilliamson,11.0,2,0,0,1,1,2,0,SRH,Overseas,2015,Batsman
96,KaneWilliamson,49.5,6,0,2,14,0,5,0,SRH,Overseas,2016,Batsman
77,KaneWilliamson,87.5,7,0,0,20,10,1,0,SRH,Overseas,2017,Batsman
7,KaneWilliamson,273.0,17,0,0,64,28,6,0,SRH,Overseas,2018,Batsman
91,KaneWilliamson,52.5,9,0,0,12,5,2,0,SRH,Overseas,2019,Batsman
137,KCCariappa,6.5,1,1,3,0,0,0,0,KKR,Indian,2015,Bowler
90,KCCariappa,54.0,5,3,35,0,1,2,0,KXIP,Indian,2016,Bowler
110,KCCariappa,38.5,4,4,22,0,0,1,0,KXIP,Indian,2017,Bowler
152,KCCariappa,4.5,1,0,1,0,1,0,0,KKR,Indian,2019,Bowler
141,BarinderSran,5.0,1,0,5,0,0,0,0,RR,Indian,2015,Bowler
29,BarinderSran,161.0,14,14,107,0,0,2,0,SRH,Indian,2016,Bowler
151,BarinderSran,4.0,1,0,4,0,0,0,0,SRH,Indian,2017,Bowler
89,BarinderSran,66.0,6,4,47,0,0,2,0,KXIP,Indian,2018,Bowler
148,BarinderSran,7.0,2,0,7,0,0,0,0,MI,Indian,2019,Bowler
12,MustafizurRahman,201.5,16,17,137,0,0,2,0,SRH,Overseas,2016,Bowler
155,MustafizurRahman,3.0,1,0,3,0,0,0,0,SRH,Overseas,2017,Bowler
69,MustafizurRahman,88.5,7,7,59,0,0,2,0,MI,Overseas,2018,Bowler
20,KrunalPandya,179.5,12,6,53,22,13,2,0,MI,Indian,2016,All Rounder
10,KrunalPandya,198.5,13,10,74,24,7,2,0,MI,Indian,2017,All Rounder
10,KrunalPandya,239.5,14,12,85,22,10,9,0,MI,Indian,2018,All Rounder
17,KrunalPandya,211.0,16,12,94,18,5,5,0,MI,Indian,2019,All Rounder
52,MarcusStoinis,113.5,7,8,39,13,4,0,0,KXIP,Overseas,2016,All Rounder
120,MarcusStoinis,27.0,5,2,10,1,0,3,0,KXIP,Overseas,2017,All Rounder
97,MarcusStoinis,59.5,7,3,15,6,4,2,0,KXIP,Overseas,2018,All Rounder
62,MarcusStoinis,114.0,10,2,32,14,10,2,0,RCB,Overseas,2019,All Rounder
53,JosButtler,113.5,14,0,0,23,11,7,0,MI,Overseas,2016,Wicket-Keeper
59,JosButtler,122.5,10,0,0,27,15,1,0,MI,Overseas,2017,Wicket-Keeper
13,JosButtler,228.5,13,0,0,52,21,9,1,RR,Overseas,2018,Wicket-Keeper
41,JosButtler,164.0,8,0,0,38,14,8,0,RR,Overseas,2019,Wicket-Keeper
60,ChrisJordan,97.5,9,11,49,0,0,4,0,RCB,Overseas,2016,Bowler
149,ChrisJordan,5.5,1,1,2,0,0,0,0,SRH,Overseas,2017,Bowler
134,ChrisJordan,11.0,1,0,11,0,0,0,0,SRH,Overseas,2018,Bowler
73,RishabhPant,76.0,10,0,0,19,6,3,0,DD,Indian,2016,Wicket-Keeper
20,RishabhPant,181.5,14,0,0,28,24,8,3,DC,Indian,2017,Wicket-Keeper
3,RishabhPant,314.5,14,0,0,68,37,4,2,DD,Indian,2018,Wicket-Keeper
7,RishabhPant,247.0,16,0,0,37,27,18,6,DC,Indian,2019,Wicket-Keeper
94,KuldeepYadav,51.5,3,6,28,0,0,1,0,KKR,Indian,2016,Bowler
58,KuldeepYadav,123.5,12,12,74,2,0,1,0,KKR,Indian,2017,Bowler
35,KuldeepYadav,171.0,16,17,94,1,0,6,0,KKR,Indian,2018,Bowler
78,KuldeepYadav,78.0,9,4,54,1,0,3,0,KKR,Indian,2019,Bowler
98,NitishRana,48.5,4,0,3,7,8,0,0,MI,Indian,2016,Batsman
49,NitishRana,129.5,13,0,0,24,17,4,0,MI,Indian,2017,Batsman
47,NitishRana,150.0,15,4,17,26,14,2,0,KKR,Indian,2018,Batsman
36,NitishRana,174.0,14,3,15,27,21,3,0,KKR,Indian,2019,Batsman
117,SamBillings,31.5,5,0,0,4,4,3,0,DD,Overseas,2016,Batsman
93,SamBillings,61.0,6,0,0,19,1,4,0,DC,Overseas,2017,Batsman
102,SamBillings,50.0,10,0,0,8,5,5,0,CSK,Overseas,2018,Batsman
153,SamBillings,2.5,1,0,0,0,0,1,0,CSK,Overseas,2019,Batsman
131,MartinGuptill,18.0,3,0,0,3,3,0,0,MI,Overseas,2016,Batsman
84,MartinGuptill,75.0,7,0,0,17,5,6,0,KXIP,Overseas,2017,Batsman
113,MartinGuptill,37.0,3,0,0,4,7,1,0,SRH,Overseas,2019,Batsman
132,ColinMunro,17.5,4,0,5,3,0,2,0,KKR,Overseas,2016,Batsman
110,ColinMunro,36.5,5,0,0,7,4,2,0,DD,Overseas,2018,Batsman
114,ColinMunro,36.5,4,0,0,9,4,0,0,DC,Overseas,2019,Batsman
136,DeepakChahar,15.5,2,0,13,0,0,1,0,RPS,Indian,2016,Bowler
126,DeepakChahar,22.5,3,1,12,0,2,0,0,RPS,Indian,2017,Bowler
34,DeepakChahar,171.0,12,10,117,1,4,1,0,CSK,Indian,2018,Bowler
3,DeepakChahar,274.5,17,22,190,1,0,2,0,CSK,Indian,2019,Bowler
137,IshanKishan,15.0,5,0,0,5,0,1,0,GL,Indian,2016,Wicket keeper
56,IshanKishan,125.5,11,0,0,29,13,3,0,GL,Indian,2017,Wicket keeper
50,IshanKishan,142.0,14,0,0,22,17,9,2,MI,Indian,2018,Wicket keeper
109,IshanKishan,39.0,7,0,0,8,4,2,0,MI,Indian,2019,Wicket keeper
156,AkshdeepNath,2.5,4,0,0,1,0,0,0,GL,Indian,2016,Batsman
161,AkshdeepNath,0.0,1,0,0,0,0,0,0,GL,Indian,2017,Batsman
141,AkshdeepNath,5.0,1,0,0,1,0,1,0,KXIP,Indian,2018,Batsman
124,AkshdeepNath,22.0,8,0,0,5,2,1,0,RCB,Indian,2019,Batsman
3,BenStokes,270.0,12,12,108,22,15,5,0,RPS,Overseas,2017,All Rounder
32,BenStokes,173.5,13,8,77,13,6,6,0,RR,Overseas,2018,All Rounder
72,BenStokes,93.5,9,6,31,8,4,3,0,RR,Overseas,2019,All Rounder
11,RashidKhan,196.5,14,17,121,0,1,5,0,SRH,Overseas,2017,Bowler
6,RashidKhan,284.0,17,21,167,3,6,6,0,SRH,Overseas,2018,Bowler
6,RashidKhan,247.5,15,17,166,2,2,4,0,SRH,Overseas,2019,Bowler
23,RahulTripathi,179.5,14,0,0,43,17,5,0,RPS,Indian,2017,Batsman
75,RahulTripathi,83.0,12,0,0,18,8,4,0,RR,Indian,2018,Batsman
98,RahulTripathi,47.0,8,0,0,13,2,3,0,RR,Indian,2019,Batsman
61,WashingtonSundar,121.5,11,8,81,0,0,5,0,RPS,Indian,2017,All Rounder
83,WashingtonSundar,69.5,7,4,29,5,4,0,0,RCB,Indian,2018,All Rounder
107,WashingtonSundar,40.0,3,4,21,0,0,2,0,RCB,Indian,2019,All Rounder
67,AndrewTye,106.5,6,12,44,4,3,0,0,GL,Overseas,2017,Bowler
17,AndrewTye,221.0,14,24,116,2,1,5,0,KXIP,Overseas,2018,Bowler
99,AndrewTye,45.5,6,3,30,0,0,2,0,KXIP,Overseas,2019,Bowler
70,ColindeGrandhomme,98.0,12,4,33,10,6,2,0,KKR,Overseas,2017,All Rounder
71,ColindeGrandhomme,85.5,9,2,26,4,10,3,0,RCB,Overseas,2018,All Rounder
125,ColindeGrandhomme,21.5,4,0,2,4,2,1,0,RCB,Overseas,2019,All Rounder
109,MohammadNabi,41.0,3,2,34,0,0,0,0,SRH,Overseas,2017,All Rounder
126,MohammadNabi,23.0,2,1,12,3,0,0,0,SRH,Overseas,2018,All Rounder
44,MohammadNabi,156.5,8,8,69,8,7,6,0,SRH,Overseas,2019,All Rounder
